"alA_l","alpha_aux_l","alrhoA_g","alrhoA_l","alrhoEA_g","alrhoEA_l","alrhouA_g","alrhouA_l","area_aux","density_aux_g","density_aux_l","internal_energy_aux_g","internal_energy_aux_l","mach_aux_g","mach_aux_l","pressure_aux_g","pressure_aux_l","total_energy_aux_g","total_energy_aux_l","velocity_x_aux_g","velocity_x_aux_l","GlobalNodeId","PedigreeNodeId","Points:0","Points:1","Points:2"
0.5,0.5,0.5,5,1.25e+06,250000,0,0,1,1,10,2.5e+06,500000,0,0,1e+06,1e+06,2.5e+06,500000,0,0,1,1,0,0,0
0.5,0.5,0.499997,4.99946,1.24999e+06,249919,-0.00304808,-0.295709,1,0.999995,9.99892,2.49998e+06,499838,5.15222e-06,0.000108001,999993,999676,2.49998e+06,499838,-0.00609619,-0.0591483,2,2,0.004,0,0
0.5,0.5,0.5,5.00024,1.25e+06,250037,0.000603753,0.134041,1,1,10.0005,2.5e+06,500073,1.02053e-06,4.89402e-05,1e+06,1.00015e+06,2.5e+06,500073,0.0012075,0.026807,3,3,0.008,0,0
0.5,0.5,0.500005,4.99953,1.25002e+06,249929,0.00566933,-0.259229,1,1.00001,9.99905,2.50003e+06,499858,9.5828e-06,9.4675e-05,1.00001e+06,999716,2.50003e+06,499858,0.0113385,-0.0518507,4,4,0.012,0,0
0.5,0.5,0.499998,5.0004,1.24999e+06,250059,-0.00292834,0.216752,1,0.999995,10.0008,2.49998e+06,500119,4.94983e-06,7.91343e-05,999993,1.00024e+06,2.49998e+06,500119,-0.00585671,0.0433471,5,5,0.016,0,0
0.5,0.5,0.499998,4.99953,1.24999e+06,249929,-0.00225778,-0.259871,1,0.999996,9.99905,2.49999e+06,499858,3.81636e-06,9.49096e-05,999995,999715,2.49999e+06,499858,-0.00451558,-0.0519792,6,6,0.02,0,0
0.5,0.5,0.499998,5.00047,1.24999e+06,250070,-0.00200725,0.256441,1,0.999997,10.0009,2.49999e+06,500140,3.39289e-06,9.36214e-05,999995,1.00028e+06,2.49999e+06,500140,-0.00401452,0.0512833,7,7,0.024,0,0
0.5,0.5,0.500004,4.99951,1.25001e+06,249926,0.00440604,-0.268379,1,1.00001,9.99902,2.50003e+06,499853,7.4475e-06,9.80175e-05,1.00001e+06,999706,2.50003e+06,499853,0.00881201,-0.0536811,8,8,0.028,0,0
0.5,0.5,0.500004,5.00049,1.25002e+06,250073,0.00510581,0.267158,1,1.00001,10.001,2.50003e+06,500146,8.63031e-06,9.75332e-05,1.00001e+06,1.00029e+06,2.50003e+06,500146,0.0102115,0.0534264,9,9,0.032,0,0
0.5,0.5,0.499996,4.99952,1.24998e+06,249928,-0.00528785,-0.263561,1,0.999991,9.99904,2.49997e+06,499856,8.9382e-06,9.62573e-05,999987,999711,2.49997e+06,499856,-0.0105758,-0.0527172,10,10,0.036,0,0
0.5,0.5,0.499997,5.00046,1.24999e+06,250069,-0.00408775,0.252924,1,0.999993,10.0009,2.49998e+06,500139,6.90961e-06,9.23376e-05,999990,1.00028e+06,2.49998e+06,500139,-0.00817555,0.0505801,11,11,0.04,0,0
0.5,0.5,0.5,4.99957,1.25e+06,249935,0.000226638,-0.236661,1,1,9.99914,2.5e+06,499870,3.83089e-07,8.64314e-05,1e+06,999741,2.5e+06,499870,0.000453277,-0.0473363,12,12,0.044,0,0
0.5,0.5,0.500007,5.00039,1.25002e+06,250059,0.00776327,0.214631,1,1.00001,10.0008,2.50005e+06,500118,1.31221e-05,7.83598e-05,1.00002e+06,1.00024e+06,2.50005e+06,500118,0.0155263,0.0429228,13,13,0.048,0,0
0.5,0.5,0.500004,4.99966,1.25001e+06,249949,0.00483481,-0.187645,1,1.00001,9.99931,2.50003e+06,499897,8.17224e-06,6.85278e-05,1.00001e+06,999794,2.50003e+06,499897,0.00966954,-0.0375317,14,14,0.052,0,0
0.5,0.5,0.499993,5.00029,1.24998e+06,250043,-0.00813572,0.156841,1,0.999986,10.0006,2.49995e+06,500086,1.37521e-05,5.72637e-05,999981,1.00017e+06,2.49995e+06,500086,-0.0162717,0.0313664,15,15,0.056,0,0
0.5,0.5,0.499994,4.99977,1.24998e+06,249966,-0.00677941,-0.123735,1,0.999989,9.99955,2.49996e+06,499932,1.14595e-05,4.51858e-05,999984,999864,2.49996e+06,499932,-0.013559,-0.0247482,16,16,0.06,0,0
0.5,0.5,0.500002,5.00016,1.25001e+06,250025,0.00193334,0.0902201,1,1,10.0003,2.50001e+06,500049,3.26793e-06,3.29416e-05,1e+06,1.0001e+06,2.50001e+06,500049,0.00386667,0.0180434,17,17,0.064,0,0
0.5,0.5,0.500012,4.99989,1.25004e+06,249984,0.0136493,-0.0583737,1,1.00002,9.99979,2.50008e+06,499968,2.30708e-05,2.1316e-05,1.00003e+06,999936,2.50008e+06,499968,0.0272979,-0.011675,18,18,0.068,0,0
0.5,0.5,0.500008,5.00006,1.25003e+06,250008,0.00906051,0.0303506,1,1.00002,10.0001,2.50005e+06,500017,1.53148e-05,1.10822e-05,1.00002e+06,1.00003e+06,2.50005e+06,500017,0.0181207,0.00607006,19,19,0.072,0,0
0.5,0.5,0.499992,4.99998,1.24997e+06,249998,-0.00975129,-0.00814989,1,0.999984,9.99997,2.49994e+06,499995,1.6483e-05,2.97594e-06,999977,999991,2.49994e+06,499995,-0.0195029,-0.00162998,20,20,0.076,0,0
0.5,0.5,0.499986,4.99999,1.24995e+06,249998,-0.0168749,-0.00659269,1,0.999972,9.99998,2.4999e+06,499996,2.85247e-05,2.40732e-06,999960,999993,2.4999e+06,499996,-0.0337507,-0.00131854,21,21,0.08,0,0
0.5,0.5,0.499994,5.00002,1.24998e+06,250003,-0.00704496,0.0128352,1,0.999988,10,2.49996e+06,500007,1.19083e-05,4.6867e-06,999984,1.00001e+06,2.49996e+06,500007,-0.0140901,0.00256702,22,22,0.084,0,0
0.5,0.5,0.500013,4.99998,1.25005e+06,249997,0.015275,-0.0103195,1,1.00003,9.99996,2.50009e+06,499994,2.58187e-05,3.76817e-06,1.00004e+06,999989,2.50009e+06,499994,0.0305493,-0.0020639,23,23,0.088,0,0
0.5,0.5,0.500021,5,1.25007e+06,250000,0.0252198,-0.000292421,1,1.00004,10,2.50014e+06,500000,4.26272e-05,1.06777e-07,1.00006e+06,1e+06,2.50014e+06,500000,0.0504376,-5.84843e-05,24,24,0.092,0,0
0.5,0.5,0.500004,5.00003,1.25001e+06,250005,0.011656,0.0173806,1,1.00001,10.0001,2.50003e+06,500010,1.97021e-05,6.34642e-06,1.00001e+06,1.00002e+06,2.50003e+06,500010,0.0233119,0.0034761,25,25,0.096,0,0
0.5,0.5,0.499972,4.99993,1.2499e+06,249989,0.00169969,-0.0384399,1,0.999944,9.99986,2.4998e+06,499979,2.8732e-06,1.40367e-05,999922,999958,2.4998e+06,499979,0.00339958,-0.00768808,26,26,0.1,0,0
0.5,0.5,0.499923,5.00011,1.24973e+06,250017,0.0361017,0.060291,1,0.999847,10.0002,2.49946e+06,500033,6.10342e-05,2.20142e-05,999785,1.00007e+06,2.49946e+06,500033,0.0722144,0.0120579,27,27,0.104,0,0
0.5,0.5,0.49983,4.99985,1.2494e+06,249978,0.17942,-0.0794053,1,0.99966,9.99971,2.49881e+06,499956,0.0003034,2.89964e-05,999524,999913,2.49881e+06,499956,0.358963,-0.0158815,28,28,0.108,0,0
0.5,0.5,0.499603,5.00017,1.24861e+06,250025,0.508769,0.0923566,1,0.999206,10.0003,2.49722e+06,500051,0.000860797,3.37216e-05,998888,1.0001e+06,2.49722e+06,500051,1.01835,0.0184707,29,29,0.112,0,0
0.5,0.5,0.499102,4.99982,1.24686e+06,249974,1.13448,-0.0962889,1,0.998204,9.99965,2.49371e+06,499947,0.00192177,3.51622e-05,997486,999894,2.49372e+06,499947,2.27305,-0.0192585,30,30,0.116,0,0
0.5,0.5,0.498177,5.00016,1.24363e+06,250025,2.20902,0.0894353,1,0.996355,10.0003,2.48725e+06,500049,0.00375032,3.2655e-05,994900,1.0001e+06,2.48726e+06,500049,4.4342,0.0178865,31,31,0.12,0,0
0.5,0.5,0.496714,4.99987,1.23853e+06,249980,3.87276,-0.0714734,1,0.993429,9.99974,2.47703e+06,499961,0.00659815,2.60998e-05,990812,999922,2.47706e+06,499961,7.79675,-0.0142951,32,32,0.124,0,0
0.5,0.5,0.494687,5.00008,1.23148e+06,250012,6.19701,0.0437955,1,0.989374,10.0002,2.46288e+06,500024,0.01061,1.59913e-05,985154,1.00005e+06,2.46296e+06,500024,12.5271,0.00875896,33,33,0.128,0,0
0.5,0.5,0.492161,4.99998,1.22273e+06,249997,9.13363,-0.00946574,1,0.984322,9.99996,2.4453e+06,499995,0.0157342,3.45642e-06,978119,999989,2.44547e+06,499995,18.5582,-0.00189315,34,34,0.132,0,0
0.5,0.5,0.489258,4.99995,1.21272e+06,249993,12.5307,-0.0270395,1,0.978516,9.9999,2.42513e+06,499985,0.0217401,9.87363e-06,970051,999971,2.42545e+06,499985,25.6117,-0.00540795,35,35,0.136,0,0
0.5,0.5,0.486106,5.00011,1.20191e+06,250017,16.2096,0.060413,1,0.972213,10.0002,2.40328e+06,500033,0.0283417,2.20587e-05,961313,1.00007e+06,2.40382e+06,500033,33.3458,0.0120823,36,36,0.14,0,0
0.5,0.5,0.482801,4.99984,1.19063e+06,249977,20.0179,-0.0852885,1,0.965601,9.99969,2.38043e+06,499953,0.0352881,3.11449e-05,952174,999907,2.38126e+06,499953,41.4621,-0.0170582,37,37,0.144,0,0
0.5,0.5,0.479402,5.00018,1.1791e+06,250027,23.8619,0.0971769,1,0.958805,10.0004,2.35701e+06,500053,0.0424225,3.54815e-05,942804,1.00011e+06,2.3582e+06,500053,49.7743,0.0194347,38,38,0.148,0,0
0.5,0.5,0.475951,4.99983,1.16745e+06,249974,27.7024,-0.0933174,1,0.951903,9.99966,2.33329e+06,499949,0.049679,3.4077e-05,933316,999898,2.3349e+06,499949,58.2043,-0.0186641,39,39,0.152,0,0
0.5,0.5,0.472471,5.00013,1.15577e+06,250020,31.529,0.0734137,1,0.944942,10.0003,2.30944e+06,500040,0.0570414,2.68054e-05,923775,1.00008e+06,2.31154e+06,500040,66.7321,0.0146823,40,40,0.156,0,0
0.5,0.5,0.468977,4.99993,1.14411e+06,249989,35.3455,-0.0399152,1,0.937955,9.99985,2.28556e+06,499978,0.0645183,1.45754e-05,914226,999956,2.28823e+06,499978,75.3673,-0.00798315,41,41,0.16,0,0
0.5,0.5,0.465479,5,1.13251e+06,249999,39.1556,-0.00208984,1,0.930957,9.99999,2.26173e+06,499999,0.0721181,7.63103e-07,904691,999998,2.26502e+06,499999,84.1189,-0.000417968,42,42,0.164,0,0
0.5,0.5,0.461974,5.00008,1.12096e+06,250013,42.9537,0.0455842,1,0.923949,10.0002,2.23793e+06,500025,0.0798344,1.66445e-05,895170,1.00005e+06,2.24192e+06,500025,92.9786,0.0091167,43,43,0.168,0,0
0.5,0.5,0.458463,4.99985,1.10945e+06,249977,46.7329,-0.0827383,1,0.916925,9.9997,2.21415e+06,499955,0.0876575,3.02136e-05,885658,999909,2.21891e+06,499955,101.934,-0.0165482,44,44,0.172,0,0
0.5,0.5,0.45494,5.00019,1.09798e+06,250029,50.4832,0.106382,1,0.909879,10.0004,2.19036e+06,500058,0.0955726,3.88422e-05,876144,1.00012e+06,2.19596e+06,500058,110.967,0.0212756,45,45,0.176,0,0
0.5,0.5,0.451403,4.9998,1.08653e+06,249969,54.196,-0.111443,1,0.902805,9.99959,2.16656e+06,499939,0.103567,4.06965e-05,866623,999878,2.17307e+06,499939,120.061,-0.0222895,46,46,0.18,0,0
0.5,0.5,0.447854,5.00018,1.07511e+06,250026,57.8679,0.0962104,1,0.895708,10.0004,2.14275e+06,500053,0.111636,3.51286e-05,857100,1.00011e+06,2.15023e+06,500053,129.211,0.0192414,47,47,0.184,0,0
0.5,0.5,0.444297,4.99988,1.06374e+06,249983,61.4967,-0.062896,1,0.888593,9.99977,2.11896e+06,499965,0.119777,2.29674e-05,847583,999931,2.12747e+06,499965,138.414,-0.0125795,48,48,0.188,0,0
0.5,0.5,0.440734,5.00003,1.05241e+06,250005,65.0811,0.0175387,1,0.881468,10.0001,2.09521e+06,500010,0.127989,6.40414e-06,838084,1.00002e+06,2.10482e+06,500010,147.665,0.00350772,49,49,0.192,0,0
0.5,0.5,0.437173,5.00006,1.04116e+06,250008,68.622,0.0310629,1,0.874345,10.0001,2.07155e+06,500017,0.136273,1.13423e-05,828619,1.00003e+06,2.08232e+06,500017,156.968,0.00621251,50,50,0.196,0,0
0.5,0.5,0.433618,4.99987,1.03e+06,249980,72.1171,-0.0730434,1,0.867236,9.99973,2.048e+06,499960,0.144624,2.66731e-05,819201,999920,2.06e+06,499960,166.315,-0.0146091,51,51,0.2,0,0
0.5,0.5,0.430072,5.00018,1.01893e+06,250027,75.566,0.099637,1,0.860143,10.0004,2.02459e+06,500054,0.153041,3.63797e-05,809837,1.00011e+06,2.03787e+06,500054,175.706,0.0199267,52,52,0.204,0,0
0.5,0.5,0.426531,4.99981,1.00796e+06,249971,78.9748,-0.105187,1,0.853061,9.99962,2.00129e+06,499942,0.16154,3.84119e-05,800517,999885,2.01592e+06,499942,185.156,-0.0210383,53,53,0.208,0,0
0.5,0.5,0.422987,5.00016,997043,250024,82.35,0.0886746,1,0.845974,10.0003,1.97805e+06,500048,0.170138,3.23773e-05,791221,1.0001e+06,1.99409e+06,500048,194.687,0.0177343,54,54,0.212,0,0
0.5,0.5,0.419434,4.9999,986170,249985,85.6956,-0.0541,1,0.838868,9.9998,1.95483e+06,499970,0.178852,1.97553e-05,781932,999941,1.97234e+06,499970,204.312,-0.0108202,55,55,0.216,0,0
0.5,0.5,0.415871,5.00002,975339,250003,89.0128,0.00977381,1,0.831743,10,1.93162e+06,500005,0.187686,3.56887e-06,772650,1.00001e+06,1.95068e+06,500005,214.039,0.00195476,56,56,0.22,0,0
0.5,0.5,0.412297,5.00006,964541,250009,92.3017,0.0336547,1,0.824593,10.0001,1.90842e+06,500019,0.196648,1.22887e-05,763367,1.00004e+06,1.92908e+06,500019,223.872,0.00673087,57,57,0.224,0,0
0.5,0.5,0.408704,4.99988,953760,249982,95.5654,-0.0658022,1,0.817407,9.99976,1.88517e+06,499964,0.205751,2.40287e-05,754070,999928,1.90752e+06,499964,233.826,-0.0131608,58,58,0.228,0,0
0.5,0.5,0.405078,5.00015,942956,250022,98.8173,0.0793023,1,0.810156,10.0003,1.8618e+06,500044,0.215039,2.89554e-05,744722,1.00009e+06,1.88591e+06,500044,243.946,0.01586,59,59,0.232,0,0
0.5,0.5,0.401396,4.99987,932056,249980,102.076,-0.0717928,1,0.802792,9.99974,1.83815e+06,499961,0.224577,2.62164e-05,735262,999921,1.86411e+06,499961,254.301,-0.0143589,60,60,0.236,0,0
0.5,0.5,0.397719,5.00009,921248,250013,105.29,0.0466798,1,0.795437,10.0002,1.81462e+06,500026,0.234222,1.70445e-05,725849,1.00005e+06,1.8425e+06,500026,264.736,0.00933579,61,61,0.24,0,0
0.5,0.5,0.394239,4.99998,911090,249997,108.289,-0.012184,1,0.788478,9.99995,1.79244e+06,499993,0.243447,4.449e-06,716974,999986,1.82218e+06,499993,274.679,-0.00243681,62,62,0.244,0,0
0.5,0.5,0.391021,4.99996,901753,249994,111.013,-0.0209747,1,0.782042,9.99992,1.77199e+06,499989,0.252036,7.65898e-06,708796,999977,1.80351e+06,499989,283.905,-0.00419497,63,63,0.248,0,0
0.5,0.5,0.387867,5.00008,892657,250012,113.646,0.0428037,1,0.775735,10.0002,1.75201e+06,500023,0.260535,1.56292e-05,700806,1.00005e+06,1.78531e+06,500023,293.003,0.0085606,64,64,0.252,0,0
0.5,0.5,0.384604,4.99991,883303,249987,116.342,-0.0470773,1,0.769208,9.99983,1.73141e+06,499974,0.269432,1.71908e-05,692565,999949,1.76661e+06,499974,302.497,-0.00941562,65,65,0.256,0,0
0.5,0.5,0.38124,5.00006,873721,250009,119.081,0.0333355,1,0.76248,10.0001,1.71025e+06,500018,0.2787,1.21721e-05,684099,1.00004e+06,1.74744e+06,500018,312.353,0.00666703,66,66,0.26,0,0
0.5,0.5,0.377809,4.99999,864014,249998,121.834,-0.00700121,1,0.755618,9.99998,1.68874e+06,499996,0.288251,2.55649e-06,675496,999993,1.72803e+06,499996,322.475,-0.00140025,67,67,0.264,0,0
0.5,0.5,0.374274,4.99996,854079,249994,124.628,-0.0223917,1,0.748548,9.99992,1.66666e+06,499988,0.298209,8.17643e-06,666663,999975,1.70816e+06,499988,332.987,-0.00447838,68,68,0.268,0,0
0.5,0.5,0.370678,5.00008,844048,250012,127.437,0.0444539,1,0.741356,10.0002,1.64428e+06,500024,0.308482,1.62317e-05,657714,1.00005e+06,1.6881e+06,500024,343.795,0.00889064,69,69,0.272,0,0
0.5,0.5,0.367305,4.99991,834705,249986,130.03,-0.0514286,1,0.734609,9.99981,1.62338e+06,499972,0.318231,1.87798e-05,649351,999943,1.66941e+06,499972,354.012,-0.0102859,70,70,0.276,0,0
0.5,0.5,0.364305,5.00008,826437,250011,132.276,0.0411135,1,0.728609,10.0002,1.60485e+06,500023,0.326928,1.50121e-05,641939,1.00005e+06,1.65287e+06,500023,363.092,0.00822257,71,71,0.28,0,0
0.5,0.5,0.361437,4.99997,818582,249995,134.392,-0.0180877,1,0.722874,9.99994,1.58719e+06,499991,0.335322,6.60479e-06,634878,999981,1.63716e+06,499991,371.826,-0.00361757,72,72,0.284,0,0
0.5,0.5,0.358482,4.99998,810533,249997,136.55,-0.0111408,1,0.716964,9.99996,1.56905e+06,499994,0.344081,4.06806e-06,627621,999988,1.62107e+06,499994,380.913,-0.00222816,73,73,0.288,0,0
0.5,0.5,0.355438,5.00005,802295,250008,138.74,0.041514,1,0.710876,10.0001,1.55044e+06,500016,0.353195,1.51585e-05,620174,1.00003e+06,1.60459e+06,500016,390.336,0.00830272,74,74,0.292,0,0
0.5,0.5,0.352353,4.99989,793996,249984,140.928,-0.0340474,1,0.704706,9.99978,1.53163e+06,499968,0.362536,1.24329e-05,612650,999935,1.58799e+06,499968,399.961,-0.00680962,75,75,0.296,0,0
0.5,0.5,0.349201,5.00014,785571,250022,143.126,0.00928022,1,0.698402,10.0003,1.51248e+06,500043,0.372183,3.38846e-06,604992,1.00009e+06,1.57114e+06,500043,409.867,0.00185599,76,76,0.3,0,0
0.5,0.5,0.346011,5.00033,777105,250050,145.321,-0.241968,1,0.692023,10.0007,1.49318e+06,500099,0.382076,8.83426e-05,597271,1.0002e+06,1.55421e+06,500099,419.99,-0.0483904,77,77,0.304,0,0
0.5,0.5,0.343001,5.00055,769165,250083,147.357,-0.275744,1,0.686003,10.0011,1.47502e+06,500165,0.39151,0.000100665,590010,1.00033e+06,1.53833e+06,500165,429.61,-0.0551427,78,78,0.308,0,0
0.5,0.5,0.340308,4.99835,762096,249752,149.134,0.905597,1,0.680615,9.9967,1.45884e+06,499504,0.399998,0.000330896,583534,999009,1.52419e+06,499504,438.232,0.181179,79,79,0.312,0,0
0.5,0.5,0.337757,4.98988,755436,248486,150.79,5.53551,1,0.675514,9.97975,1.44355e+06,496966,0.408107,0.0020295,577421,993931,1.51087e+06,496972,446.445,1.10935,80,80,0.316,0,0
0.5,0.5,0.33514,4.97235,748640,245894,152.471,15.1307,1,0.670279,9.9447,1.42791e+06,491742,0.416527,0.00558661,571165,983485,1.49728e+06,491788,454.947,3.04296,81,81,0.32,0,0
0.5,0.5,0.332413,4.94716,741603,242235,154.194,28.7539,1,0.664826,9.89432,1.41168e+06,484302,0.425383,0.0107251,564673,968605,1.48321e+06,484469,463.862,5.8122,82,82,0.324,0,0
0.5,0.5,0.329702,4.91773,734644,238055,155.884,44.4126,1,0.659404,9.83546,1.39559e+06,475709,0.434293,0.0167646,558235,951418,1.46929e+06,476110,472.802,9.03112,83,83,0.328,0,0
0.5,0.5,0.327227,4.88586,728330,233643,157.398,61.2118,1,0.654455,9.77172,1.38095e+06,466519,0.442492,0.0234083,552381,933037,1.45666e+06,467285,481.004,12.5284,84,84,0.332,0,0
0.5,0.5,0.325041,4.8518,722772,229056,158.707,78.8722,1,0.650082,9.70361,1.36805e+06,456830,0.449777,0.0305868,547221,913660,1.44554e+06,458112,488.268,16.2563,85,85,0.336,0,0
0.5,0.5,0.322955,4.816,717490,224375,159.939,97.1881,1,0.64591,9.63199,1.35577e+06,446789,0.456784,0.0382524,542309,893578,1.43498e+06,448750,495.236,20.1803,86,86,0.34,0,0
0.5,0.5,0.320872,4.77873,712251,219656,161.158,115.949,1,0.641744,9.55746,1.34356e+06,436498,0.463849,0.0463511,537424,872996,1.4245e+06,439311,502.248,24.2636,87,87,0.344,0,0
0.5,0.5,0.318942,4.74016,707405,214930,162.278,135.029,1,0.637884,9.48031,1.33224e+06,426013,0.470471,0.0548603,532897,852025,1.41481e+06,429859,508.8,28.4862,88,88,0.348,0,0
0.5,0.5,0.317279,4.70044,703257,210232,163.219,154.351,1,0.634558,9.40089,1.32255e+06,415395,0.476175,0.0637746,529020,830790,1.40651e+06,420464,514.435,32.8375,89,89,0.352,0,0
0.5,0.5,0.315858,4.65967,699714,205581,164.019,173.817,1,0.631715,9.31934,1.31426e+06,404679,0.481094,0.0730802,525702,809357,1.39943e+06,411163,519.282,37.3025,90,90,0.356,0,0
0.5,0.5,0.314632,4.6179,696665,200996,164.703,193.383,1,0.629265,9.2358,1.30711e+06,393894,0.48536,0.0827838,522845,787788,1.39333e+06,401992,523.478,41.8768,91,91,0.36,0,0
0.5,0.5,0.313624,4.57519,694183,196492,165.252,213.006,1,0.627249,9.15039,1.30129e+06,383067,0.48885,0.0928942,520517,766134,1.38837e+06,392984,526.911,46.5567,92,92,0.364,0,0
0.5,0.5,0.312885,4.53145,692333,192067,165.666,232.686,1,0.62577,9.0629,1.29695e+06,372186,0.491475,0.103445,518780,744371,1.38467e+06,384134,529.48,51.3491,93,93,0.368,0,0
0.5,0.5,0.312371,4.48677,691080,187741,165.937,252.393,1,0.624741,8.97354,1.29401e+06,361285,0.493242,0.114452,517605,722570,1.38216e+06,375483,531.219,56.2526,94,94,0.372,0,0
0.5,0.5,0.312083,4.44072,690362,183481,166.096,272.214,1,0.624165,8.88143,1.29233e+06,350276,0.494265,0.126014,516930,700551,1.38072e+06,366962,532.219,61.2996,95,95,0.376,0,0
0.5,0.5,0.311978,4.39325,690094,179309,166.157,292.322,1,0.623956,8.78649,1.29169e+06,339167,0.494649,0.138262,516678,678334,1.38019e+06,358618,532.591,66.539,96,96,0.38,0,0
0.5,0.5,0.311996,4.34595,690167,175350,166.133,311.717,1,0.623992,8.6919,1.29187e+06,328342,0.494531,0.150659,516748,656684,1.38033e+06,350700,532.485,71.7258,97,97,0.384,0,0
0.5,0.5,0.312132,4.3003,690463,171708,166.078,329.877,1,0.624264,8.6006,1.29256e+06,318111,0.494127,0.162837,517024,636222,1.38093e+06,343416,532.077,76.7102,98,98,0.388,0,0
0.5,0.5,0.312277,4.25447,690858,168240,165.982,347.716,1,0.624555,8.50894,1.29349e+06,308061,0.493548,0.175357,517397,616122,1.38172e+06,336480,531.521,81.7296,99,99,0.392,0,0
0.5,0.5,0.312456,4.20829,691290,164927,165.889,365.308,1,0.624913,8.41659,1.29451e+06,298142,0.492939,0.188293,517802,596284,1.38258e+06,329853,530.92,86.8067,100,100,0.396,0,0
0.5,0.5,0.312641,4.16462,691720,161972,165.801,381.531,1,0.625281,8.32923,1.29551e+06,288991,0.492338,0.200789,518205,577981,1.38344e+06,323944,530.323,91.6126,101,101,0.4,0,0
0.5,0.5,0.312782,4.12445,692123,159363,165.698,396.023,1,0.625563,8.2489,1.29647e+06,280701,0.49174,0.212498,518587,561402,1.38425e+06,318727,529.755,96.0183,102,102,0.404,0,0
0.5,0.5,0.31296,4.08591,692508,156975,165.626,409.243,1,0.62592,8.17183,1.29736e+06,272961,0.491219,0.223731,518945,545921,1.38502e+06,313950,529.225,100.159,103,103,0.408,0,0
0.5,0.5,0.313091,4.05088,692860,154920,165.541,421.54,1,0.626183,8.10177,1.29819e+06,265975,0.490706,0.234468,519278,531949,1.38572e+06,309841,528.731,104.061,104,104,0.412,0,0
0.5,0.5,0.313211,4.01954,693180,153174,165.464,432.052,1,0.626422,8.03907,1.29895e+06,259908,0.490243,0.244049,519579,519817,1.38636e+06,306349,528.284,107.488,105,105,0.416,0,0
0.5,0.5,0.313353,3.99292,693467,151703,165.417,440.63,1,0.626705,7.98584,1.29961e+06,254781,0.489866,0.252223,519844,509562,1.38693e+06,303406,527.893,110.353,106,106,0.42,0,0
0.5,0.5,0.313422,3.97153,693711,150585,165.345,447.538,1,0.626844,7.94307,1.3002e+06,250738,0.489488,0.258929,520078,501475,1.38742e+06,301169,527.546,112.687,107,107,0.424,0,0
0.5,0.5,0.313526,3.95517,693933,149751,165.304,452.674,1,0.627053,7.91034,1.30071e+06,247693,0.489189,0.264049,520285,495386,1.38787e+06,299502,527.241,114.451,108,108,0.428,0,0
0.5,0.5,0.31361,3.94445,694117,149180,165.269,456.022,1,0.627219,7.8889,1.30114e+06,245639,0.488939,0.267475,520456,491277,1.38823e+06,298360,526.988,115.611,109,109,0.432,0,0
0.5,0.5,0.313638,3.93729,694264,148851,165.217,457.894,1,0.627276,7.87457,1.3015e+06,244451,0.488697,0.26947,520598,488901,1.38853e+06,297702,526.776,116.297,110,110,0.436,0,0
0.5,0.5,0.313728,3.93545,694402,148760,165.207,458.991,1,0.627455,7.8709,1.30181e+06,243987,0.488538,0.270435,520723,487974,1.3888e+06,297519,526.592,116.63,111,111,0.44,0,0
0.5,0.5,0.313755,3.93365,694511,148671,165.173,459.1,1,0.627511,7.8673,1.30207e+06,243760,0.488368,0.270687,520827,487519,1.38902e+06,297342,526.438,116.711,112,112,0.444,0,0
0.5,0.5,0.313774,3.93239,694599,148678,165.143,459.281,1,0.627549,7.86478,1.30228e+06,243714,0.488224,0.270863,520913,487428,1.3892e+06,297356,526.31,116.794,113,113,0.448,0,0
0.5,0.5,0.31385,3.93386,694688,148700,165.147,459.898,1,0.627701,7.86773,1.30248e+06,243634,0.488141,0.271221,520991,487269,1.38938e+06,297400,526.196,116.908,114,114,0.452,0,0
0.5,0.5,0.313839,3.92932,694756,148574,165.109,459.227,1,0.627678,7.85865,1.30265e+06,243477,0.488004,0.271069,521060,486953,1.38951e+06,297147,526.093,116.872,115,115,0.456,0,0
0.5,0.5,0.313871,3.92937,694821,148566,165.097,459.436,1,0.627742,7.85875,1.3028e+06,243413,0.487916,0.271226,521121,486827,1.38964e+06,297132,526.002,116.924,116,116,0.46,0,0
0.5,0.5,0.313931,3.92903,694888,148587,165.102,459.798,1,0.627863,7.85807,1.30295e+06,243365,0.487856,0.271478,521179,486731,1.38978e+06,297174,525.917,117.026,117,117,0.464,0,0
0.5,0.5,0.313901,3.92674,694941,148522,165.059,459.674,1,0.627801,7.85349,1.30309e+06,243234,0.487728,0.271557,521235,486468,1.38988e+06,297045,525.833,117.062,118,118,0.468,0,0
0.5,0.5,0.313953,3.92706,695001,148567,165.062,459.955,1,0.627905,7.85412,1.30322e+06,243263,0.487672,0.271696,521288,486526,1.39e+06,297135,525.755,117.124,119,119,0.472,0,0
0.5,0.5,0.313994,3.92192,695058,148493,165.06,459.607,1,0.627988,7.84385,1.30335e+06,243126,0.48761,0.271745,521339,486251,1.39012e+06,296987,525.679,117.189,120,120,0.476,0,0
0.5,0.5,0.313958,3.92106,695103,148408,165.018,459.388,1,0.627915,7.84213,1.30347e+06,242994,0.487489,0.271718,521389,485989,1.39021e+06,296816,525.605,117.159,121,121,0.48,0,0
0.5,0.5,0.314025,3.92062,695161,148423,165.031,459.564,1,0.62805,7.84125,1.30359e+06,242977,0.487453,0.271847,521437,485954,1.39032e+06,296846,525.534,117.217,122,122,0.484,0,0
0.5,0.5,0.314046,3.91791,695211,148407,165.021,459.434,1,0.628092,7.83581,1.30371e+06,242938,0.487385,0.271887,521483,485875,1.39042e+06,296813,525.466,117.265,123,123,0.488,0,0
0.5,0.5,0.314012,3.91926,695251,148434,164.982,459.858,1,0.628025,7.83852,1.30382e+06,242912,0.487277,0.272105,521528,485824,1.3905e+06,296869,525.401,117.333,124,124,0.492,0,0
0.5,0.5,0.314088,3.91619,695304,148518,165.003,459.87,1,0.628176,7.83238,1.30393e+06,243034,0.487259,0.272151,521571,486068,1.39061e+06,297035,525.339,117.428,125,125,0.496,0,0
0.5,0.5,0.314089,3.91412,695345,148496,164.985,459.871,1,0.628178,7.82825,1.30403e+06,242962,0.487188,0.272263,521611,485923,1.39069e+06,296992,525.282,117.49,126,126,0.5,0,0
0.5,0.5,0.31406,3.91499,695379,148459,164.953,459.842,1,0.628121,7.82997,1.30412e+06,242907,0.487096,0.272247,521648,485814,1.39076e+06,296918,525.226,117.457,127,127,0.504,0,0
0.5,0.5,0.314138,3.908,695425,148378,164.978,459.093,1,0.628276,7.816,1.30421e+06,242823,0.487094,0.272093,521683,485647,1.39085e+06,296755,525.176,117.475,128,128,0.508,0,0
0.5,0.5,0.314122,3.911,695456,148376,164.955,459.434,1,0.628243,7.822,1.30429e+06,242781,0.487023,0.272214,521716,485562,1.39091e+06,296752,525.13,117.472,129,129,0.512,0,0
0.5,0.5,0.314098,3.95056,695483,148648,164.929,464.218,1,0.628197,7.90112,1.30436e+06,242747,0.486952,0.273688,521746,485494,1.39097e+06,297296,525.087,117.507,130,130,0.516,0,0
0.5,0.5,0.314177,4.04754,695521,149466,164.958,476.127,1,0.628353,8.09507,1.30443e+06,242923,0.486965,0.277225,521772,485847,1.39104e+06,298932,525.05,117.634,131,131,0.52,0,0
0.5,0.5,0.314145,4.2178,695541,150901,164.931,497.05,1,0.62829,8.43561,1.30449e+06,243227,0.486897,0.283329,521797,486453,1.39108e+06,301802,525.015,117.846,132,132,0.524,0,0
0.5,0.5,0.314121,4.47582,695559,152917,164.909,528.207,1,0.628242,8.95163,1.30454e+06,243498,0.48684,0.292119,521817,486995,1.39112e+06,305833,524.984,118.014,133,133,0.528,0,0
0.5,0.5,0.314203,4.83425,695590,155509,164.943,570.894,1,0.628405,9.6685,1.30459e+06,243600,0.48687,0.303733,521837,487200,1.39118e+06,311019,524.958,118.094,134,134,0.532,0,0
0.5,0.5,0.314158,5.27461,695602,158465,164.913,622.598,1,0.628317,10.5492,1.30463e+06,243441,0.486807,0.317216,521854,486882,1.3912e+06,316930,524.935,118.037,135,135,0.536,0,0
0.5,0.5,0.314121,5.86383,695612,162454,164.887,691.795,1,0.628242,11.7277,1.30467e+06,243293,0.486752,0.334396,521869,486586,1.39122e+06,324909,524.915,117.977,136,136,0.54,0,0
0.5,0.5,0.314211,6.47316,695638,166752,164.93,763.921,1,0.628423,12.9463,1.3047e+06,243350,0.486802,0.351409,521882,486700,1.39128e+06,333503,524.9,118.014,137,137,0.544,0,0
0.5,0.5,0.314171,6.9526,695644,170160,164.903,820.793,1,0.628341,13.9052,1.30473e+06,243421,0.48675,0.364267,521893,486842,1.39129e+06,340320,524.883,118.056,138,138,0.548,0,0
0.5,0.5,0.314105,7.30982,695643,172654,164.864,863.009,1,0.62821,14.6196,1.30475e+06,243419,0.486683,0.373529,521901,486838,1.39129e+06,345307,524.87,118.062,139,139,0.552,0,0
0.5,0.5,0.314192,7.5522,695664,174047,164.907,890.579,1,0.628385,15.1044,1.30478e+06,243075,0.486737,0.379494,521910,486149,1.39133e+06,348094,524.86,117.923,140,140,0.556,0,0
0.5,0.5,0.314178,7.69949,695669,175262,164.896,908.654,1,0.628355,15.399,1.30479e+06,243289,0.486712,0.383306,521917,486578,1.39134e+06,350524,524.849,118.015,141,141,0.56,0,0
0.5,0.5,0.314095,7.77347,695663,176138,164.85,918.757,1,0.62819,15.5469,1.30481e+06,243687,0.486638,0.385404,521923,487375,1.39133e+06,352277,524.841,118.191,142,142,0.564,0,0
0.5,0.5,0.314138,7.79351,695677,175810,164.871,919.41,1,0.628277,15.587,1.30482e+06,243156,0.486663,0.385602,521930,486313,1.39135e+06,351620,524.835,117.971,143,143,0.568,0,0
0.5,0.5,0.314072,7.80638,695674,176172,164.834,921.873,1,0.628145,15.6128,1.30484e+06,243478,0.486603,0.386061,521935,486957,1.39135e+06,352345,524.828,118.092,144,144,0.572,0,0
0.5,0.5,0.313909,7.81358,695653,176392,164.746,923.403,1,0.627818,15.6272,1.30484e+06,243657,0.486469,0.386381,521937,487315,1.39131e+06,352785,524.822,118.179,145,145,0.576,0,0
0.5,0.5,0.313972,7.80889,695668,175712,164.778,920.497,1,0.627945,15.6178,1.30486e+06,242918,0.486512,0.385867,521943,485836,1.39134e+06,351424,524.818,117.878,146,146,0.58,0,0
0.5,0.5,0.314054,7.81894,695684,176417,164.82,923.815,1,0.628107,15.6379,1.30487e+06,243685,0.486572,0.386399,521947,487370,1.39137e+06,352834,524.816,118.151,147,147,0.584,0,0
0.5,0.5,0.313907,7.81072,695665,175695,164.742,920.944,1,0.627814,15.6214,1.30487e+06,242804,0.486453,0.386099,521949,485608,1.39133e+06,351390,524.812,117.908,148,148,0.588,0,0
0.5,0.5,0.313838,7.72064,695658,168345,164.705,888.634,1,0.627677,15.4413,1.30488e+06,234409,0.486396,0.381371,521951,468819,1.39132e+06,336690,524.809,115.099,149,149,0.592,0,0
0.5,0.5,0.313861,7.53212,695663,153350,164.717,821.438,1,0.627722,15.0642,1.30488e+06,217115,0.486412,0.37086,521953,434230,1.39133e+06,306699,524.807,109.058,150,150,0.596,0,0
0.5,0.5,0.31367,7.13029,695637,123560,164.615,682.788,1,0.627339,14.2606,1.30488e+06,181737,0.486261,0.346298,521953,363475,1.39127e+06,247120,524.805,95.7588,151,151,0.6,0,0
0.5,0.5,0.313553,6.44529,695623,78768,164.554,443.775,1,0.627106,12.8906,1.30489e+06,126981,0.48617,0.283212,521955,253962,1.39125e+06,157536,524.805,68.8526,152,152,0.604,0,0
0.5,0.5,0.314322,5.6721,695732,40767.5,164.959,175.216,1,0.628643,11.3442,1.30489e+06,76122.4,0.486768,0.153952,521957,152245,1.39146e+06,81535,524.809,30.8908,153,153,0.608,0,0
0.5,0.5,0.316827,5.04212,696078,24991.1,166.274,11.3313,1,0.633653,10.0842,1.30489e+06,49956.7,0.488705,0.0130351,521958,99913.3,1.39216e+06,49982.1,524.81,2.24732,154,154,0.612,0,0
0.5,0.5,0.321846,4.97191,696767,24750.2,168.908,-6.29724,1,0.643692,9.94382,1.30489e+06,49492.4,0.492561,0.00732924,521956,98984.8,1.39353e+06,49500.4,524.809,-1.26656,155,155,0.616,0,0
0.5,0.5,0.330144,5.00763,697907,25068.9,173.263,1.59378,1,0.660289,10.0153,1.30488e+06,50137.4,0.498872,0.00183641,521954,100275,1.39581e+06,50137.9,524.81,0.31827,156,156,0.62,0,0
0.5,0.5,0.342535,4.99838,699614,24987.9,179.767,-0.28319,1,0.685069,9.99676,1.30488e+06,49975.7,0.508151,0.000327132,521953,99951.5,1.39923e+06,49975.8,524.814,-0.0566563,157,157,0.624,0,0
0.5,0.5,0.359851,5.00031,701998,25001.3,188.856,0.0200332,1,0.719702,10.0006,1.30488e+06,50002.6,0.520842,2.3131e-05,521953,100005,1.404e+06,50002.6,524.818,0.0040064,158,158,0.628,0,0
0.5,0.5,0.382238,4.99993,705080,24999.8,200.607,0.0109284,1,0.764475,9.99986,1.30488e+06,49999.7,0.536804,1.26191e-05,521951,99999.4,1.41016e+06,49999.7,524.823,0.00218571,159,159,0.632,0,0
0.5,0.5,0.409759,5.00003,708867,25000.2,215.052,-0.00801279,1,0.819518,10.0001,1.30487e+06,50000.4,0.555799,9.2523e-06,521948,100001,1.41773e+06,50000.4,524.827,-0.00160255,160,160,0.636,0,0
0.5,0.5,0.446761,4.99997,713962,24999.6,234.475,0.00571766,1,0.893522,9.99994,1.30486e+06,49999.3,0.58036,6.60225e-06,521945,99998.6,1.42792e+06,49999.3,524.833,0.00114354,161,161,0.64,0,0
0.5,0.5,0.492688,5.00004,720285,25000.5,258.582,-0.00626133,1,0.985376,10.0001,1.30486e+06,50001,0.609471,7.22987e-06,521942,100002,1.44057e+06,50001,524.84,-0.00125226,162,162,0.644,0,0
0.5,0.5,0.540793,4.99995,726906,24999.3,283.833,0.00808297,1,1.08159,9.99991,1.30484e+06,49998.6,0.638541,9.33358e-06,521938,99997.2,1.45381e+06,49998.6,524.845,0.00161661,163,163,0.648,0,0
0.5,0.5,0.596322,5.00006,734553,25000.9,312.982,-0.0100781,1,1.19264,10.0001,1.30484e+06,50001.7,0.670535,1.16369e-05,521935,100003,1.46911e+06,50001.7,524.853,-0.00201559,164,164,0.652,0,0
0.5,0.5,0.674902,4.99993,745361,24999,354.225,0.0116915,1,1.3498,9.99986,1.30481e+06,49998,0.713357,1.35006e-05,521923,99995.9,1.49072e+06,49998,524.854,0.00233834,165,165,0.656,0,0
0.5,0.5,0.759009,5.00007,756955,25001.1,398.38,-0.0126854,1,1.51802,10.0001,1.30481e+06,50002.2,0.756521,1.46474e-05,521925,100004,1.51391e+06,50002.2,524.869,-0.00253703,166,166,0.66,0,0
0.5,0.5,0.843372,4.99992,768568,24998.9,442.664,0.0130043,1,1.68674,9.99985,1.30479e+06,49997.7,0.797471,1.50165e-05,521917,99995.5,1.53714e+06,49997.7,524.875,0.0026009,167,167,0.664,0,0
0.5,0.5,0.944919,5.00007,782539,25001.1,495.965,-0.0127067,1,1.88984,10.0001,1.30476e+06,50002.2,0.84413,1.4672e-05,521903,100004,1.56508e+06,50002.2,524.875,-0.00254131,168,168,0.668,0,0
0.5,0.5,1.04981,4.99993,797027,24999,551.053,0.0119141,1,2.09963,9.99986,1.3048e+06,49997.9,0.889785,1.37576e-05,521922,99995.9,1.59405e+06,49997.9,524.905,0.00238286,169,169,0.672,0,0
0.5,0.5,1.14025,5.00006,809408,25000.9,598.493,-0.010776,1,2.2805,10.0001,1.30468e+06,50001.9,0.927318,1.24427e-05,521871,100004,1.61882e+06,50001.9,524.879,-0.00215517,170,170,0.676,0,0
0.5,0.5,1.21745,4.99995,820089,24999.2,639.05,0.00944039,1,2.4349,9.99989,1.30474e+06,49998.4,0.958229,1.09011e-05,521894,99996.7,1.64018e+06,49998.4,524.909,0.0018881,171,171,0.68,0,0
0.5,0.5,1.28173,5.00005,829041,25000.7,672.856,-0.00803719,1,2.56346,10.0001,1.30486e+06,50001.4,0.983246,9.28037e-06,521944,100003,1.65808e+06,50001.4,524.958,-0.00160742,172,172,0.684,0,0
0.5,0.5,1.33263,4.99996,835774,24999.4,699.429,0.00666744,1,2.66526,9.99992,1.30445e+06,49998.8,1.00253,7.69901e-06,521782,99997.7,1.67155e+06,49998.8,524.849,0.0013335,173,173,0.688,0,0
0.5,0.5,1.37194,5.00003,841551,25000.5,720.26,-0.00540181,1,2.74388,10.0001,1.30497e+06,50000.9,1.01729,6.2374e-06,521988,100002,1.6831e+06,50000.9,524.994,-0.00108036,174,174,0.692,0,0
0.5,0.5,1.40008,4.99998,845532,24999.6,735.086,0.00428213,1,2.80015,9.99995,1.30512e+06,49999.3,1.02768,4.94463e-06,522048,99998.5,1.69106e+06,49999.3,525.033,0.000856431,175,175,0.696,0,0
0.5,0.5,1.41766,5.00002,847174,25000.3,743.873,-0.00332684,1,2.83532,10,1.30402e+06,50000.6,1.03393,3.84147e-06,521609,100001,1.69435e+06,50000.6,524.719,-0.000665365,176,176,0.7,0,0
0.5,0.5,1.42971,4.99999,849944,24999.8,750.811,0.00253663,1,2.85942,9.99997,1.3056e+06,49999.6,1.03854,2.92907e-06,522240,99999.1,1.69989e+06,49999.6,525.149,0.000507328,177,177,0.704,0,0
0.5,0.5,1.43555,5.00001,850919,25000.2,753.971,-0.00190053,1,2.8711,10,1.30584e+06,50000.3,1.04069,2.19453e-06,522337,100001,1.70184e+06,50000.3,525.213,-0.000380105,178,178,0.708,0,0
0.5,0.5,1.43639,4.99999,849444,24999.9,753.517,0.00140071,1,2.87278,9.99998,1.3036e+06,49999.8,1.04065,1.6174e-06,521439,99999.5,1.69889e+06,49999.8,524.591,0.000280142,179,179,0.712,0,0
0.5,0.5,1.43946,5.00001,851552,25000.1,756.074,-0.00101647,1,2.87893,10,1.30598e+06,50000.2,1.04212,1.17372e-06,522392,100000,1.7031e+06,50000.2,525.247,-0.000203295,180,180,0.716,0,0
0.5,0.5,1.44048,5,852066,24999.9,756.816,0.000726927,1,2.88096,9.99999,1.30651e+06,49999.9,1.04256,8.39385e-07,522603,99999.7,1.70413e+06,49999.9,525.392,0.000145386,181,181,0.72,0,0
0.5,0.5,1.43834,5,849608,25000,754.481,-0.000512704,1,2.87669,10,1.30345e+06,50000.1,1.04133,5.92019e-07,521382,100000,1.69922e+06,50000.1,524.548,-0.000102541,182,182,0.724,0,0
0.5,0.5,1.44172,5,853035,25000,757.915,0.000356883,1,2.88344,10,1.30763e+06,49999.9,1.04318,4.12094e-07,523053,99999.9,1.70607e+06,49999.9,525.702,7.13767e-05,183,183,0.728,0,0
0.5,0.5,1.44192,5,853206,25000,758.085,-0.000245327,1,2.88384,10,1.30785e+06,50000,1.04325,2.83279e-07,523140,100000,1.70641e+06,50000,525.747,-4.90653e-05,184,184,0.732,0,0
0.5,0.5,1.42075,5,831412,25000,736.406,0.000166638,1,2.8415,10,1.28113e+06,50000,1.03153,1.92417e-07,512451,99999.9,1.66282e+06,50000,518.322,3.33275e-05,185,185,0.736,0,0
0.5,0.5,1.37204,5,781736,25000,686.797,-0.000111903,1,2.74408,10,1.21968e+06,50000,1.00333,1.29214e-07,487874,100000,1.56347e+06,50000,500.566,-2.23805e-05,186,186,0.74,0,0
0.5,0.5,1.26461,5,676291,25000,580.678,7.43292e-05,1,2.52923,10,1.08595e+06,50000,0.936424,8.5828e-08,434380,100000,1.35258e+06,50000,459.174,1.48658e-05,187,187,0.744,0,0
0.5,0.5,1.06085,5,494308,25000,400.367,-4.88568e-05,1,2.12169,10,837516,50000,0.802706,5.6415e-08,335006,100000,988616,50000,377.404,-9.77137e-06,188,188,0.748,0,0
0.5,0.5,0.836142,5,315935,25000,217.897,3.17921e-05,1,1.67228,10,575085,50000,0.593837,3.67103e-08,230034,100000,631869,50000,260.599,6.35841e-06,189,189,0.752,0,0
0.5,0.5,0.653063,5,193700,25000,76.0816,-2.04884e-05,1,1.30613,10,378536,50000,0.289181,2.36579e-08,151415,100000,387400,50000,116.5,-4.09767e-06,190,190,0.756,0,0
0.5,0.5,0.504261,5,124717,25000,0.545683,1.30812e-05,1,1.00852,10,249433,50000,0.00290775,1.51049e-08,99773.1,100000,249433,50000,1.08214,2.61624e-06,191,191,0.76,0,0
0.5,0.5,0.495628,5,123935,25000,-1.36433,-8.27722e-06,1,0.991256,10,247867,50000,0.00735622,9.55771e-09,99146.7,100000,247871,50000,-2.75274,-1.65544e-06,192,192,0.764,0,0
0.5,0.5,0.501511,5,125405,25000,0.484769,5.19226e-06,1,1.00302,10,250810,50000,0.00258311,5.9955e-09,100324,100000,250810,50000,0.966617,1.03845e-06,193,193,0.768,0,0
0.5,0.5,0.499599,5,124893,25000,-0.122603,-3.2299e-06,1,0.999197,10,249785,50000,0.000655887,3.72957e-09,99914,100000,249785,50000,-0.245403,-6.45981e-07,194,194,0.772,0,0
0.5,0.5,0.500092,5,125023,25000,0.0234422,1.99299e-06,1,1.00018,10,250047,50000,0.00012528,2.30131e-09,100019,100000,250047,50000,0.0468757,3.98598e-07,195,195,0.776,0,0
0.5,0.5,0.499979,5,124995,25000,-0.00201614,-1.22016e-06,1,0.999958,10,249990,50000,1.07772e-05,1.40892e-09,99995.9,100000,249990,50000,-0.00403246,-2.44031e-07,196,196,0.78,0,0
0.5,0.5,0.500008,5,125002,25000,-0.00167504,7.41359e-07,1,1.00002,10,250004,50000,8.95331e-06,8.56047e-10,100002,100000,250004,50000,-0.00335003,1.48272e-07,197,197,0.784,0,0
0.5,0.5,0.499994,5,124998,25000,0.00214968,-4.4714e-07,1,0.999988,10,249996,50000,1.14907e-05,5.16312e-10,99998.5,100000,249996,50000,0.00429941,-8.94279e-08,198,198,0.788,0,0
0.5,0.5,0.500005,5,125002,25000,-0.00210039,2.67767e-07,1,1.00001,10,250004,50000,1.12269e-05,3.0919e-10,100002,100000,250004,50000,-0.00420074,5.35533e-08,199,199,0.792,0,0
0.5,0.5,0.499995,5,124998,25000,0.00183268,-1.59242e-07,1,0.99999,10,249997,50000,9.79621e-06,1.83877e-10,99998.6,100000,249997,50000,0.0036654,-3.18485e-08,200,200,0.796,0,0
0.5,0.5,0.500004,5,125001,25000,-0.0013334,9.40658e-08,1,1.00001,10,250002,50000,7.12725e-06,1.08618e-10,100001,100000,250002,50000,-0.00266678,1.88132e-08,201,201,0.8,0,0
0.5,0.5,0.499998,5,124999,25000,0.000610364,-5.52022e-08,1,0.999997,10,249999,50000,3.26255e-06,6.3742e-11,99999.5,100000,249999,50000,0.00122073,-1.10404e-08,202,202,0.804,0,0
0.5,0.5,0.499999,5,125000,25000,0.000287001,3.21904e-08,1,0.999998,10,249999,50000,1.53409e-06,3.71702e-11,99999.8,100000,249999,50000,0.000574003,6.43807e-09,203,203,0.808,0,0
0.5,0.5,0.500003,5,125001,25000,-0.00128601,-1.86551e-08,1,1.00001,10,250002,50000,6.87396e-06,2.15411e-11,100001,100000,250002,50000,-0.00257201,-3.73103e-09,204,204,0.812,0,0
0.5,0.5,0.499994,5,124998,25000,0.00230701,1.07459e-08,1,0.999988,10,249996,50000,1.23317e-05,1.24083e-11,99998.3,100000,249996,50000,0.00461408,2.14918e-09,205,205,0.816,0,0
0.5,0.5,0.500009,5,125003,25000,-0.00327497,-6.1534e-09,1,1.00002,10,250006,50000,1.75051e-05,7.10533e-12,100002,100000,250006,50000,-0.00654983,-1.23068e-09,206,206,0.82,0,0
0.5,0.5,0.499989,5,124996,25000,0.0041274,3.50343e-09,1,0.999978,10,249992,50000,2.20625e-05,4.04541e-12,99996.9,100000,249992,50000,0.00825498,7.00685e-10,207,207,0.824,0,0
0.5,0.5,0.500013,5,125005,25000,-0.00481876,-1.98382e-09,1,1.00003,10,250009,50000,2.57566e-05,2.29072e-12,100004,100000,250009,50000,-0.00963728,-3.96764e-10,208,208,0.828,0,0
0.5,0.5,0.499986,5,124995,25000,0.00532223,1.11722e-09,1,0.999972,10,249990,50000,2.84495e-05,1.29006e-12,99996,100000,249990,50000,0.0106448,2.23445e-10,209,209,0.832,0,0
0.5,0.5,0.500015,5,125005,25000,-0.00562879,-6.25533e-10,1,1.00003,10,250011,50000,3.0086e-05,7.22303e-13,100004,100000,250011,50000,-0.0112572,-1.25107e-10,210,210,0.836,0,0
0.5,0.5,0.499985,5,124995,25000,0.00574492,3.48254e-10,1,0.999969,10,249989,50000,3.0709e-05,4.02129e-13,99995.7,100000,249989,50000,0.0114902,6.96509e-11,211,211,0.84,0,0
0.5,0.5,0.500015,5,125005,25000,-0.00568898,-1.93218e-10,1,1.00003,10,250011,50000,3.04077e-05,2.23109e-13,100004,100000,250011,50000,-0.0113776,-3.86437e-11,212,212,0.844,0,0
0.5,0.5,0.499985,5,124995,25000,0.00548748,1.06386e-10,1,0.999971,10,249990,50000,2.93329e-05,1.22844e-13,99995.9,100000,249990,50000,0.0109753,2.12772e-11,213,213,0.848,0,0
0.5,0.5,0.500014,5,125005,25000,-0.00517123,-5.82334e-11,1,1.00003,10,250010,50000,2.76405e-05,6.72421e-14,100004,100000,250010,50000,-0.0103422,-1.16467e-11,214,214,0.852,0,0
0.5,0.5,0.499987,5,124996,25000,0.00477219,3.16525e-11,1,0.999974,10,249991,50000,2.55092e-05,3.65492e-14,99996.4,100000,249991,50000,0.00954462,6.3305e-12,215,215,0.856,0,0
0.5,0.5,0.500012,5,125004,25000,-0.00432079,-1.69206e-11,1,1.00002,10,250008,50000,2.30949e-05,1.95382e-14,100003,100000,250008,50000,-0.00864137,-3.38411e-12,216,216,0.86,0,0
0.5,0.5,0.49999,5,124996,25000,0.00384423,9.08194e-12,1,0.999979,10,249993,50000,2.05488e-05,1.04869e-14,99997.1,100000,249993,50000,0.00768863,1.81639e-12,217,217,0.864,0,0
0.5,0.5,0.500009,5,125003,25000,-0.00336531,-4.84658e-12,1,1.00002,10,250006,50000,1.79879e-05,5.59635e-15,100003,100000,250006,50000,-0.00673049,-9.69317e-13,218,218,0.868,0,0
0.5,0.5,0.499992,5,124997,25000,0.00290197,2.26061e-12,1,0.999984,10,249995,50000,1.5512e-05,2.61032e-15,99997.8,100000,249995,50000,0.00580403,4.52121e-13,219,219,0.872,0,0
0.5,0.5,0.500007,5,125002,25000,-0.00246736,-9.92798e-13,1,1.00001,10,250005,50000,1.31884e-05,1.14638e-15,100002,100000,250005,50000,-0.00493464,-1.9856e-13,220,220,0.876,0,0
0.5,0.5,0.499994,5,124998,25000,0.00207017,3.90656e-13,1,0.999989,10,249996,50000,1.10657e-05,4.5109e-16,99998.5,100000,249996,50000,0.00414039,7.81312e-14,221,221,0.88,0,0
0.5,0.5,0.500005,5,125002,25000,-0.00171529,-1.76681e-13,1,1.00001,10,250003,50000,9.16849e-06,2.04014e-16,100001,100000,250003,50000,-0.00343054,-3.53363e-14,222,222,0.884,0,0
0.5,0.5,0.499996,5,124999,25000,0.00140446,7.49876e-14,1,0.999992,10,249997,50000,7.50723e-06,8.65882e-17,99998.9,100000,249997,50000,0.00280894,1.49975e-14,223,223,0.888,0,0
0.5,0.5,0.500003,5,125001,25000,-0.00113705,-2.22423e-14,1,1.00001,10,250002,50000,6.07773e-06,2.56832e-17,100001,100000,250002,50000,-0.00227408,-4.44846e-15,224,224,0.892,0,0
0.5,0.5,0.499998,5,124999,25000,0.0009107,6.8115e-15,1,0.999995,10,249998,50000,4.86793e-06,7.86524e-18,99999.3,100000,249998,50000,0.00182141,1.3623e-15,225,225,0.896,0,0
0.5,0.5,0.500002,5,125001,25000,-0.00072195,-2.13713e-15,1,1,10,250001,50000,3.85896e-06,2.46775e-18,100001,100000,250001,50000,-0.00144389,-4.27427e-16,226,226,0.9,0,0
0.5,0.5,0.499998,5,124999,25000,0.000566713,6.82523e-16,1,0.999997,10,249999,50000,3.02922e-06,7.8811e-19,99999.6,100000,249999,50000,0.00113343,1.36505e-16,227,227,0.904,0,0
0.5,0.5,0.500001,5,125000,25000,-0.000440674,-2.21046e-16,1,1,10,250001,50000,2.3555e-06,2.55242e-19,100000,100000,250001,50000,-0.000881346,-4.42092e-17,228,228,0.908,0,0
0.5,0.5,0.499999,5,125000,25000,0.00033957,7.30911e-17,1,0.999998,10,249999,50000,1.81508e-06,8.43983e-20,99999.7,100000,249999,50000,0.000679142,1.46182e-17,229,229,0.912,0,0
0.5,0.5,0.500001,5,125000,25000,-0.000259386,-2.63107e-17,1,1,10,250000,50000,1.38647e-06,3.0381e-20,100000,100000,250000,50000,-0.000518771,-5.26214e-18,230,230,0.916,0,0
0.5,0.5,0.499999,5,125000,25000,0.000196474,1.38743e-17,1,0.999999,10,250000,50000,1.0502e-06,1.60207e-20,99999.9,100000,250000,50000,0.000392947,2.77487e-18,231,231,0.92,0,0
0.5,0.5,0.5,5,125000,25000,-0.000147614,-1.60721e-17,1,1,10,250000,50000,7.89031e-07,1.85585e-20,100000,100000,250000,50000,-0.000295229,-3.21442e-18,232,232,0.924,0,0
0.5,0.5,0.5,5,125000,25000,0.000110037,3.0532e-17,1,0.999999,10,250000,50000,5.88172e-07,3.52553e-20,99999.9,100000,250000,50000,0.000220074,6.1064e-18,233,233,0.928,0,0
0.5,0.5,0.5,5,125000,25000,-8.14034e-05,-6.52368e-17,1,1,10,250000,50000,4.35119e-07,7.5329e-20,100000,100000,250000,50000,-0.000162807,-1.30474e-17,234,234,0.932,0,0
0.5,0.5,0.5,5,125000,25000,5.97784e-05,1.41742e-16,1,1,10,250000,50000,3.19529e-07,1.6367e-19,100000,100000,250000,50000,0.000119557,2.83484e-17,235,235,0.936,0,0
0.5,0.5,0.5,5,125000,25000,-4.35853e-05,-3.0791e-16,1,1,10,250000,50000,2.32973e-07,3.55544e-19,100000,100000,250000,50000,-8.71706e-05,-6.1582e-17,236,236,0.94,0,0
0.5,0.5,0.5,5,125000,25000,3.15589e-05,6.6721e-16,1,1,10,250000,50000,1.68689e-07,7.70428e-19,100000,100000,250000,50000,6.31177e-05,1.33442e-16,237,237,0.944,0,0
0.5,0.5,0.5,5,125000,25000,-2.26972e-05,-1.44114e-15,1,1,10,250000,50000,1.21322e-07,1.66408e-18,100000,100000,250000,50000,-4.53945e-05,-2.88227e-16,238,238,0.948,0,0
0.5,0.5,0.5,5,125000,25000,1.62172e-05,3.09572e-15,1,1,10,250000,50000,8.66847e-08,3.57463e-18,100000,100000,250000,50000,3.24345e-05,6.19145e-16,239,239,0.952,0,0
0.5,0.5,0.5,5,125000,25000,-1.15135e-05,-6.59294e-15,1,1,10,250000,50000,6.15423e-08,7.61287e-18,100000,100000,250000,50000,-2.3027e-05,-1.31859e-15,240,240,0.956,0,0
0.5,0.5,0.5,5,125000,25000,8.12343e-06,1.42262e-14,1,1,10,250000,50000,4.34216e-08,1.6427e-17,100000,100000,250000,50000,1.62469e-05,2.84524e-15,241,241,0.96,0,0
0.5,0.5,0.5,5,125000,25000,-5.69693e-06,-3.08512e-14,1,1,10,250000,50000,3.04514e-08,3.5624e-17,100000,100000,250000,50000,-1.13939e-05,-6.17025e-15,242,242,0.964,0,0
0.5,0.5,0.5,5,125000,25000,3.9717e-06,6.93415e-14,1,1,10,250000,50000,2.12296e-08,8.00686e-17,100000,100000,250000,50000,7.9434e-06,1.38683e-14,243,243,0.968,0,0
0.5,0.5,0.5,5,125000,25000,-2.75302e-06,-1.88586e-13,1,1,10,250000,50000,1.47155e-08,2.17761e-16,100000,100000,250000,50000,-5.50603e-06,-3.77173e-14,244,244,0.972,0,0
0.5,0.5,0.5,5,125000,25000,1.89756e-06,1.85452e-13,1,1,10,250000,50000,1.01429e-08,2.14142e-16,100000,100000,250000,50000,3.79512e-06,3.70905e-14,245,245,0.976,0,0
0.5,0.5,0.5,5,125000,25000,-1.30082e-06,-5.42311e-13,1,1,10,250000,50000,6.95315e-09,6.26207e-16,100000,100000,250000,50000,-2.60163e-06,-1.08462e-13,246,246,0.98,0,0
0.5,0.5,0.5,5,125000,25000,8.86541e-07,4.2889e-13,1,1,10,250000,50000,4.73876e-09,4.9524e-16,100000,100000,250000,50000,1.77308e-06,8.5778e-14,247,247,0.984,0,0
0.5,0.5,0.5,5,125000,25000,-6.03476e-07,-1.14866e-12,1,1,10,250000,50000,3.22571e-09,1.32636e-15,100000,100000,250000,50000,-1.20695e-06,-2.29733e-13,248,248,0.988,0,0
0.5,0.5,0.5,5,125000,25000,3.96047e-07,2.77516e-13,1,1,10,250000,50000,2.11696e-09,3.20447e-16,100000,100000,250000,50000,7.92093e-07,5.55031e-14,249,249,0.992,0,0
0.5,0.5,0.5,5,125000,25000,-3.16999e-07,-5.07479e-13,1,1,10,250000,50000,1.69443e-09,5.85986e-16,100000,100000,250000,50000,-6.33997e-07,-1.01496e-13,250,250,0.996,0,0
0.5,0.5,0.5,5,125000,25000,0,0,1,1,10,250000,50000,0,0,100000,100000,250000,50000,0,0,251,251,1,0,0
