"PI_aux","PI_bar_aux","rhoI_aux","tempI_aux","P_rel_aux","vel_rel_aux","Omega_aux","Aint_aux","ht_liq_aux","ht_gas_aux","EI_liq_aux","EI_gas_aux","beta_aux","beta_max_aux","jump_grad_alpha_aux","mu_aux_l","mu_max_aux_l","kappa_aux_l","kappa_max_aux_l","jump_grad_press_aux_l","jump_grad_alpha_aux_l","jump_grad_dens_aux_l","jump_grad_press_smooth_aux_l","jump_grad_dens_smooth_aux_l","mu_aux_g","kappa_aux_g","mu_max_aux_g","kappa_max_aux_g","jump_grad_press_aux_g","jump_grad_dens_aux_g","jump_grad_press_smooth_aux_g","jump_grad_dens_smooth_aux_g","ObjectId","GlobalElementId","PedigreeElementId"
999968,999968,10.0008,19997.8,0,0,0,0,0,0,149984,69992.4,3.72534e-15,4.97226e-05,8.52651e-14,1.40042e-05,5.91483e-05,1.37757e-07,1.09545,95093,0,0.316959,71555.6,0.238506,8.9449e-09,8.54886e-10,6.09619e-06,2.36644,2720.47,0.00193103,2250.84,0.00159872,0,1,1
999982,999982,10.0004,19998.8,0,0,0,0,0,0,149991,69995.9,4.65664e-15,4.15586e-05,1.13687e-13,2.54355e-05,4.96263e-05,2.50196e-07,1.09546,203767,0,0.679186,174414,0.581353,1.47702e-08,1.41162e-09,4.88868e-06,2.36644,4001.69,0.00283443,4824.87,0.00342917,0,2,2
999994,999994,10.0004,19999.1,0,0,0,0,0,0,149993,69996.8,8.3819e-15,3.63055e-05,2.84217e-14,2.83429e-05,4.5413e-05,2.78786e-07,1.09547,224012,0,0.746672,215621,0.718706,3.75474e-08,3.58843e-09,1.25461e-05,2.36645,4309,0.00306919,4873.24,0.00347112,0,3,3
999999,999999,10.0001,19999.7,0,0,0,0,0,0,149998,69998.9,8.3819e-15,4.34344e-05,0,3.72851e-05,5.49625e-05,3.66719e-07,1.09549,242424,0,0.808053,234994,0.783291,2.89904e-08,2.77064e-09,9.92769e-06,2.36644,6310.71,0.00450982,4539.78,0.00324217,0,4,4
999991,999991,10.0001,19999.7,0,0,0,0,0,0,149998,69998.9,8.3819e-15,4.51219e-05,0,3.92648e-05,5.50366e-05,3.86193e-07,1.09549,260435,0,0.8681,252926,0.84307,2.54123e-08,2.43239e-09,1.03723e-05,2.36644,3793.21,0.00271162,3852.59,0.00275628,0,5,5
999996,999996,9.99997,20000,0,0,0,0,0,0,150000,69999.9,8.3819e-15,4.9079e-05,0,4.49046e-05,5.96186e-05,4.41652e-07,1.0955,274027,0,0.913413,268268,0.894219,1.86707e-08,1.79139e-09,8.53009e-06,2.36644,2325.16,0.001672,3556.33,0.00255048,0,6,6
1e+06,1e+06,10.0001,19999.9,0,0,0,0,0,0,149999,69999.7,8.3819e-15,4.85198e-05,0,4.67528e-05,6.06013e-05,4.59832e-07,1.0955,285022,0,0.950069,280200,0.933996,1.98481e-08,1.90547e-09,7.4054e-06,2.36644,4815.17,0.00345584,4301.49,0.00308695,0,7,7
1.00001e+06,1.00001e+06,10.0001,20000,0,0,0,0,0,0,150000,70000,8.3819e-15,5.09962e-05,0,4.86761e-05,6.18385e-05,4.78746e-07,1.09551,290598,0,0.968659,287847,0.959488,5.09641e-08,4.88841e-09,1.90236e-05,2.36645,4793.58,0.00342695,4308.28,0.003089,0,8,8
1e+06,1e+06,9.99999,20000,0,0,0,0,0,0,150000,70000.1,8.3819e-15,5.25275e-05,0,4.89523e-05,6.1282e-05,4.81462e-07,1.09551,291147,0,0.970489,290335,0.967781,3.04615e-08,2.91468e-09,1.20016e-05,2.36644,5696,0.00406036,3939.7,0.00281764,0,9,9
999990,999990,9.99994,19999.9,0,0,0,0,0,0,149999,69999.7,8.3819e-15,4.92905e-05,0,4.78815e-05,5.96387e-05,4.70934e-07,1.0955,285433,0,0.951443,287048,0.956825,3.70162e-08,3.53773e-09,1.87513e-05,2.36645,4199.17,0.00299852,3150.1,0.00224835,0,10,10
999998,999998,9.99992,20000.1,0,0,0,0,0,0,150001,70000.4,8.3819e-15,4.56045e-05,0,4.47161e-05,5.65321e-05,4.39792e-07,1.0955,273418,0,0.911394,277512,0.925039,1.22671e-08,1.17239e-09,7.72228e-06,2.36644,740.747,0.000529136,2453.98,0.0017517,0,11,11
1.00001e+06,1.00001e+06,10.0001,19999.8,0,0,0,0,0,0,149999,69999.4,8.3819e-15,4.43993e-05,0,3.96386e-05,5.21111e-05,3.89864e-07,1.09549,254962,0,0.849874,261616,0.872052,3.78282e-08,3.61525e-09,1.59796e-05,2.36645,4468.17,0.00318798,3787.3,0.00270461,0,12,12
1.00001e+06,1.00001e+06,10.0001,20000.2,0,0,0,0,0,0,150001,70000.7,8.3819e-15,3.8799e-05,0,3.30835e-05,4.64504e-05,3.2538e-07,1.0955,230513,0,0.768377,239592,0.79864,8.13885e-08,7.77828e-09,2.51959e-05,2.36646,5176.74,0.00369713,5249.06,0.00374786,0,13,13
999994,999994,10.0001,19999.8,0,0,0,0,0,0,149998,69999.2,8.3819e-15,3.0051e-05,0,2.571e-05,3.97783e-05,2.52871e-07,1.09548,200887,0,0.669624,212113,0.707043,5.12665e-08,4.89966e-09,1.49772e-05,2.36645,5973.26,0.00426841,5496.86,0.00392544,0,14,14
999989,999989,9.99977,20000.2,0,0,0,0,0,0,150002,70000.8,8.3819e-15,2.63646e-05,0,1.83132e-05,3.23978e-05,1.80111e-07,1.09548,167379,0,0.557932,180289,0.600962,8.30867e-08,7.94083e-09,2.98307e-05,2.36646,6226.99,0.00444804,4540.15,0.0032427,0,15,15
999992,999992,10,19999.8,0,0,0,0,0,0,149998,69999.1,8.3819e-15,2.21041e-05,0,1.16729e-05,2.47057e-05,1.1481e-07,1.09546,131694,0,0.438981,145660,0.485534,2.68573e-08,2.56682e-09,1.00607e-05,2.36644,1614.07,0.00115199,4164.11,0.00297393,0,16,16
1.00002e+06,1.00002e+06,10.0001,20000.2,0,0,0,0,0,0,150002,70000.8,8.3819e-15,1.17065e-05,0,6.39763e-06,1.71579e-05,6.29212e-08,1.09547,95876.1,0,0.319587,110131,0.367104,1.10569e-07,1.05669e-08,3.11645e-05,2.36647,6021.46,0.00430102,5808.56,0.00414891,0,17,17
1.00002e+06,1.00002e+06,10.0003,19999.8,0,0,0,0,0,0,149998,69999.3,8.3819e-15,7.48359e-06,0,2.79177e-06,1.02451e-05,2.74585e-08,1.09545,62173.1,0,0.207244,75858.2,0.252861,1.7593e-07,1.68148e-08,4.54186e-05,2.36649,8078.76,0.00577063,6404.84,0.00457529,0,18,18
1e+06,1e+06,9.99993,20000.2,0,0,0,0,0,0,150001,70000.6,8.3819e-15,7.51472e-06,0,7.97053e-07,4.44562e-06,7.83915e-09,1.09545,32857.9,0,0.109526,45085.9,0.150286,9.03737e-08,8.63757e-09,2.1722e-05,2.36645,7069.87,0.00504935,6836.92,0.00488375,0,19,19
999973,999973,9.99978,19999.9,0,0,0,0,0,0,149999,69999.6,8.3819e-15,1.1885e-05,0,2.22262e-07,2.94852e-06,2.18603e-09,1.09545,10008.1,0,0.0333604,21672.3,0.0722409,2.40972e-07,2.30304e-08,5.32536e-05,2.36647,9632,0.00687991,7460.95,0.00532924,0,20,20
999977,999977,9.99975,20000,0,0,0,0,0,0,150000,70000.2,8.3819e-15,7.47195e-06,0,8.65706e-08,2.24333e-06,8.51448e-10,1.09545,5170.66,0,0.0172355,10271.4,0.034238,1.92295e-07,1.83783e-08,4.78408e-05,2.36647,6974.67,0.00498192,6629.87,0.00473555,0,21,21
1.00001e+06,1.00001e+06,10.0001,20000,0,0,0,0,0,0,150000,70000.1,8.3819e-15,3.33778e-06,0,8.24514e-08,2.67367e-06,8.10936e-10,1.09545,10378,0,0.0345933,8591.98,0.0286399,1.27765e-07,1.22103e-08,2.57726e-05,2.36646,8075.52,0.00576804,8250.37,0.005893,0,22,22
1.00004e+06,1.00004e+06,10.0004,19999.9,0,0,0,0,0,0,149999,69999.7,8.3819e-15,1.26424e-05,0,6.38437e-08,2.12239e-06,6.27928e-10,1.09545,6812.59,0,0.0227086,8472.15,0.0282404,4.87979e-07,4.66335e-08,8.09869e-05,2.36653,13386.3,0.0095616,10032.9,0.00716627,0,23,23
1.00003e+06,1.00003e+06,10.0002,20000.1,0,0,0,0,0,0,150001,70000.4,8.3819e-15,1.59122e-05,0,1.81358e-07,3.41761e-06,1.7837e-09,1.09545,7873.52,0,0.0262449,9574.78,0.0319159,3.04533e-07,2.9103e-08,7.37494e-05,2.36652,9708.03,0.00693438,6812.89,0.0048663,0,24,24
999970,999970,9.99978,19999.8,0,0,0,0,0,0,149999,69999.5,8.3819e-15,7.34293e-06,0,6.3624e-07,6.44564e-06,6.25772e-09,1.09545,23500.5,0,0.0783352,19012.8,0.0633759,8.17812e-08,7.81608e-09,2.67114e-05,2.36645,4037.65,0.00288431,4470.31,0.00319302,0,25,25
999882,999882,9.99874,20000.2,0,0,0,0,0,0,150001,70000.6,8.3819e-15,1.70246e-05,0,1.69809e-06,1.14004e-05,1.6701e-08,1.09546,45612,0,0.15204,37670.6,0.125569,7.04785e-07,6.73675e-08,7.5614e-05,2.36646,12129.6,0.00866472,14689.2,0.0104929,0,26,26
999714,999714,9.99721,19999.9,0,0,0,0,0,0,149999,69999.5,8.3819e-15,7.34343e-05,0,3.24641e-06,1.61308e-05,3.19299e-08,1.09546,68011.1,0,0.226704,59536.2,0.198454,1.29698e-05,1.23987e-06,0.000431177,2.36675,50002.7,0.0357217,49129.4,0.0350993,0,27,27
999348,999348,9.99343,20000.1,0,0,0,0,0,0,150001,70000.3,8.3819e-15,0.000246658,0,4.78469e-06,1.98333e-05,4.70586e-08,1.09547,86985.8,0,0.289953,79374.2,0.264581,9.34733e-05,8.93757e-06,0.00137731,2.36754,123881,0.0885221,111693,0.0798194,0,28,28
998508,998508,9.9851,20000,0,0,0,0,0,0,150000,69999.9,8.3819e-15,0.000583283,0,5.73027e-06,2.17829e-05,5.63593e-08,1.09547,99010.3,0,0.330034,93639.1,0.31213,0.000385018,3.68339e-05,0.0032914,2.36911,218083,0.155932,193354,0.138263,0,29,29
996867,996867,9.96869,19999.9,0,0,0,0,0,0,150000,70000,8.3819e-15,0.00118708,0,6.11952e-06,2.14456e-05,6.01877e-08,1.09547,101263,0,0.337545,99297.1,0.33099,0.00112184,0.000107448,0.00670725,2.37185,310566,0.222335,277029,0.198328,0,30,30
994120,994120,9.94114,20000.1,0,0,0,0,0,0,150002,70001.1,8.3819e-15,0.00216451,0,5.47824e-06,1.858e-05,5.38796e-08,1.09547,92123.5,0,0.307078,94323,0.31441,0.00251277,0.000241162,0.0122309,2.37624,370416,0.26578,340320,0.244126,0,31,31
990096,990096,9.90107,19999.8,0,0,0,0,0,0,150000,70000.9,8.3819e-15,0.00357474,0,3.60187e-06,1.33102e-05,3.54262e-08,1.09545,71555.4,0,0.238518,78118.8,0.260396,0.0044574,0.000429196,0.0203239,2.38267,374572,0.26978,362637,0.26097,0,32,32
984859,984859,9.84847,20000.3,0,0,0,0,0,0,150006,70004.6,8.3819e-15,0.0054552,0,1.40498e-06,6.86581e-06,1.38181e-08,1.09546,41305.6,0,0.137686,51774.1,0.17258,0.00634649,0.000614163,0.0310854,2.39126,325442,0.235835,336313,0.243247,0,33,33
978600,978600,9.78613,19999.7,0,0,0,0,0,0,150005,70006.5,8.3819e-15,0.00769539,0,8.23446e-07,7.30111e-06,8.099e-09,1.09545,19248.5,0,0.0641625,27696.2,0.0923205,0.00732771,0.000714728,0.0441699,2.40174,243854,0.178508,271860,0.198215,0,34,34
971632,971632,9.71621,20000.2,0,0,0,0,0,0,150015,70014,8.3819e-15,0.0102223,0,1.4614e-06,1.0098e-05,1.43729e-08,1.09546,32990,0,0.109967,28134,0.0937793,0.00697897,0.000689715,0.0589575,2.41361,161066,0.119972,192759,0.142439,0,35,35
964188,964188,9.64197,19999.8,0,0,0,0,0,0,150019,70020.2,8.3819e-15,0.0128747,0,3.27298e-06,1.68243e-05,3.21913e-08,1.09546,66621.2,0,0.22207,53220.7,0.177402,0.0055886,0.000565492,0.0748079,2.42634,96424.6,0.0740803,120643,0.091315,0,36,36
956468,956468,9.56464,20000.1,0,0,0,0,0,0,150031,70030.8,8.3819e-15,0.0156011,0,5.07049e-06,2.10692e-05,4.98697e-08,1.09547,90587.6,0,0.301959,80193.7,0.267312,0.0037804,0.000400892,0.0912364,2.4395,51576.7,0.0421172,66239.3,0.0525808,0,37,37
948576,948576,9.48574,20000,0,0,0,0,0,0,150042,70042.2,8.3819e-15,0.0183318,0,5.98064e-06,2.19964e-05,5.88216e-08,1.09547,100493,0,0.334977,94919.3,0.316398,0.00211405,0.000249301,0.107979,2.45289,23799.5,0.0222534,30846,0.0272864,0,38,38
940586,940586,9.40593,19999.9,0,0,0,0,0,0,150054,70055,8.3819e-15,0.0210536,0,5.71411e-06,1.92526e-05,5.62008e-08,1.09546,93895.3,0,0.312984,94302.1,0.31434,0.000919448,0.000138409,0.124936,2.46644,7518.24,0.0105685,11249.8,0.01284,0,39,39
932555,932555,9.32543,20000.2,0,0,0,0,0,0,150073,70071.6,8.3819e-15,0.0237791,0,3.63927e-06,1.30859e-05,3.57925e-08,1.09546,70960,0,0.236534,77599.3,0.258665,0.000332054,7.82148e-05,0.142099,2.48015,2273.6,0.00448579,3262.83,0.00617865,0,40,40
924490,924490,9.24505,19999.7,0,0,0,0,0,0,150085,70086.6,8.3819e-15,0.026478,0,1.51389e-06,8.40112e-06,1.48899e-08,1.09545,34716.2,0,0.11572,50664.7,0.168882,0.000184848,6.69766e-05,0.159486,2.49405,2671.24,0.00327853,1394.22,0.00460282,0,41,41
916428,916428,9.16413,20000.3,0,0,0,0,0,0,150109,70107.7,8.3819e-15,0.0291956,0,1.27131e-06,8.69873e-06,1.25033e-08,1.09546,23028.9,0,0.0767617,33171.6,0.110571,0.000201704,8.79834e-05,0.177097,2.50815,1417.9,0.00425685,1345.01,0.00545365,0,42,42
908336,908336,9.08348,19999.7,0,0,0,0,0,0,150125,70126.1,8.3819e-15,0.0318755,0,2.8716e-06,1.48176e-05,2.82437e-08,1.09545,53353.4,0,0.177844,44134.2,0.147114,0.000331251,0.000121301,0.194913,2.52243,1372.06,0.00586245,2185.64,0.00685075,0,43,43
900234,900234,9.00227,20000.2,0,0,0,0,0,0,150151,70150,8.3819e-15,0.0345601,0,5.4494e-06,2.18375e-05,5.35958e-08,1.09547,89718.1,0,0.299061,74915.1,0.249717,0.000457511,0.000146989,0.212901,2.53685,2383.41,0.00721644,2841.39,0.00756884,0,44,44
892097,892097,8.92099,20000,0,0,0,0,0,0,150173,70173,8.3819e-15,0.0372065,0,7.3397e-06,2.51523e-05,7.21885e-08,1.09547,111223,0,0.370742,101128,0.337093,0.000410843,0.00014939,0.231028,2.55137,1757.03,0.00684257,2249.43,0.00700707,0,45,45
883933,883933,8.83938,19999.9,0,0,0,0,0,0,150198,70198,8.3819e-15,0.0398271,0,7.88295e-06,2.39779e-05,7.7532e-08,1.09547,113210,0,0.377366,109883,0.366277,0.000376687,0.000129149,0.249273,2.56598,1043.49,0.00542876,1822.03,0.0055006,0,46,46
875750,875750,8.75739,20000.2,0,0,0,0,0,0,150227,70225.9,8.3819e-15,0.0424262,0,6.14179e-06,1.83718e-05,6.0405e-08,1.09547,94582,0,0.315274,98889.9,0.329633,0.000679088,9.3037e-05,0.267625,2.58066,2825.83,0.0035836,3315.75,0.00354995,0,47,47
867542,867542,8.67556,19999.7,0,0,0,0,0,0,150250,70251.7,8.3819e-15,0.0449735,0,2.58883e-06,9.28796e-06,2.54628e-08,1.09545,58303,0,0.194343,69652.5,0.232175,0.00132902,0.000132036,0.286079,2.59541,6463.01,0.00156503,6367.28,0.00197371,0,48,48
859344,859344,8.59329,20000.4,0,0,0,0,0,0,150285,70283.5,8.3819e-15,0.0475152,0,1.49293e-06,9.72023e-06,1.46831e-08,1.09546,25311.1,0,0.0843688,38851.2,0.129504,0.00210317,0.000209334,0.304633,2.61023,10078.4,0.00177949,9579.09,0.0019718,0,49,49
851143,851143,8.51156,19999.7,0,0,0,0,0,0,150310,70311.4,8.3819e-15,0.0499956,0,2.14482e-06,1.20214e-05,2.10956e-08,1.09545,37876.4,0,0.126254,36014.3,0.120049,0.00279978,0.00027916,0.323282,2.62513,12557.6,0.0036444,12006.7,0.0032016,0,50,50
842972,842972,8.42964,20000.2,0,0,0,0,0,0,150346,70344.8,8.3819e-15,0.0524665,0,4.43682e-06,1.99392e-05,4.36368e-08,1.09547,78586.1,0,0.261954,63109.1,0.210364,0.00310381,0.00030999,0.34202,2.6401,12958.4,0.00395668,12473.9,0.00355502,0,51,51
834811,834811,8.34813,20000,0,0,0,0,0,0,150376,70376.5,8.3819e-15,0.05489,0,6.30345e-06,2.36511e-05,6.19966e-08,1.09547,102602,0,0.342007,91234.7,0.304115,0.00268432,0.000268509,0.360862,2.65516,9641.99,0.00209052,10036.8,0.00259068,0,52,52
826657,826657,8.26662,19999.9,0,0,0,0,0,0,150409,70409.9,8.3819e-15,0.0572891,0,6.82352e-06,2.23854e-05,6.71122e-08,1.09546,104940,0,0.349799,101015,0.336716,0.00175811,0.000176113,0.379843,2.67033,4606.39,0.00242344,6008.26,0.00251199,0,53,53
818496,818496,8.18485,20000.3,0,0,0,0,0,0,150447,70446.1,8.3819e-15,0.0596736,0,5.0915e-06,1.6486e-05,5.00753e-08,1.09547,85402.8,0,0.284677,89639.3,0.298798,0.000928024,0.000163039,0.398999,2.68565,1957.17,0.00451173,2757.87,0.00395596,0,54,54
810306,810306,8.10319,19999.7,0,0,0,0,0,0,150478,70479.7,8.3819e-15,0.0620161,0,2.10625e-06,8.86545e-06,2.07162e-08,1.09545,48817.1,0,0.162723,60934.1,0.203113,0.00050887,0.000234466,0.418352,2.70112,818.354,0.00546307,1204.57,0.00550091,0,55,55
802105,802105,8.02092,20000.3,0,0,0,0,0,0,150520,70519,8.3819e-15,0.0643618,0,1.14173e-06,8.68562e-06,1.12289e-08,1.09546,23147.5,0,0.0771571,33480.5,0.111601,0.000722431,0.000320051,0.437911,2.71677,1286.71,0.0071581,1765.05,0.00720839,0,56,56
793861,793861,7.9387,19999.8,0,0,0,0,0,0,150554,70554.7,8.3819e-15,0.0666619,0,1.70082e-06,1.14844e-05,1.67284e-08,1.09545,38226.7,0,0.127422,32852,0.109506,0.00232885,0.000515494,0.457698,2.7326,6106.11,0.01102,6327.37,0.0111946,0,57,57
785570,785570,7.85566,20000.1,0,0,0,0,0,0,150595,70594.9,8.3819e-15,0.068965,0,2.9405e-06,1.67552e-05,2.89206e-08,1.09546,67930.1,0,0.226434,54997.5,0.183325,0.00525583,0.000833858,0.477772,2.74866,18176.3,0.0205768,14041.6,0.0173764,0,58,58
777177,777177,7.77174,20000.1,0,0,0,0,0,0,150635,70634.9,8.3819e-15,0.0712561,0,3.68181e-06,1.74469e-05,3.62118e-08,1.09546,78497.7,0,0.261659,71715.3,0.239051,0.0102158,0.0012743,0.498248,2.76504,16187.7,0.0192876,26270,0.0254053,0,59,59
768726,768726,7.68733,19999.8,0,0,0,0,0,0,150674,70675.2,8.3819e-15,0.0735274,0,3.17013e-06,1.36802e-05,3.11798e-08,1.09545,68534.5,0,0.228448,69149.5,0.230498,0.0250066,0.00252431,0.519037,2.78168,56517.8,0.0442143,61625.6,0.0482146,0,60,60
760517,760517,7.60507,20000.3,0,0,0,0,0,0,150719,70717.6,8.3819e-15,0.075718,0,1.36644e-06,6.89898e-06,1.34391e-08,1.09546,42262.5,0,0.140876,49513.7,0.165046,0.0484343,0.00488408,0.539415,2.79799,144873,0.107267,113865,0.0845642,0,61,61
752831,752831,7.5284,19999.8,0,0,0,0,0,0,150753,70754.1,8.3819e-15,0.0777146,0,6.8232e-07,6.63177e-06,6.71094e-09,1.09545,17576.7,0,0.0585898,26806.2,0.0893539,0.0555722,0.00560452,0.558583,2.81332,132131,0.0982894,124752,0.0934419,0,62,62
745531,745531,7.45525,20000.2,0,0,0,0,0,0,150793,70792.6,8.3819e-15,0.0795992,0,6.98796e-07,7.36443e-06,6.87276e-09,1.09546,22669,0,0.0755637,21823,0.0727431,0.0401149,0.00404557,0.576907,2.82798,65989.7,0.0519932,86090.4,0.06762,0,63,63
738177,738177,7.38178,20000,0,0,0,0,0,0,150829,70829.4,8.3819e-15,0.0814599,0,1.09112e-06,1.03786e-05,1.07315e-08,1.09545,41461,0,0.138203,33290.4,0.110968,0.0277512,0.00304695,0.5955,2.84285,57060.7,0.0506051,56884.9,0.0490865,0,64,64
730586,730586,7.3059,19999.9,0,0,0,0,0,0,150868,70868.2,8.3819e-15,0.0833575,0,1.19717e-06,9.28532e-06,1.17747e-08,1.09545,42855.3,0,0.142851,39763.2,0.132544,0.0256062,0.00294882,0.61485,2.85833,49518,0.0451653,50136.8,0.0455731,0,65,65
722811,722811,7.22804,20000.2,0,0,0,0,0,0,150911,70909.8,8.3819e-15,0.0852792,0,6.46044e-07,5.26678e-06,6.35395e-09,1.09546,27407.9,0,0.0913602,31527.2,0.105091,0.0253921,0.00296697,0.634827,2.87431,43318.3,0.0407272,47476.8,0.0439799,0,66,66
714840,714840,7.14847,19999.8,0,0,0,0,0,0,150949,70949.8,8.3819e-15,0.0872029,0,4.71289e-07,5.87862e-06,4.63535e-09,1.09545,14732.3,0,0.0491083,20040.5,0.0668019,0.0290628,0.00325532,0.655462,2.89082,49418.4,0.0461327,51943.5,0.0463146,0,67,67
706691,706691,7.06685,20000.2,0,0,0,0,0,0,150995,70994.3,8.3819e-15,0.0891582,0,7.5477e-07,7.71861e-06,7.4233e-09,1.09546,26259.1,0,0.0875306,22616.4,0.0753881,0.0476955,0.00479592,0.676782,2.90789,76999.8,0.0617679,81638.1,0.0655364,0,68,68
698729,698729,6.9873,19999.9,0,0,0,0,0,0,151035,71035.6,8.3819e-15,0.0910275,0,1.25769e-06,1.10716e-05,1.23699e-08,1.09545,45228.5,0,0.150761,37122.4,0.123741,0.0857519,0.00861073,0.697806,2.92472,174259,0.134269,140710,0.108788,0,69,69
691453,691453,6.91456,19999.9,0,0,0,0,0,0,151074,71074,8.3819e-15,0.0927014,0,1.49678e-06,1.06859e-05,1.47214e-08,1.09545,49051.8,0,0.163506,45493,0.151643,0.0978049,0.0101769,0.717103,2.94016,184854,0.144111,159948,0.124644,0,70,70
684762,684762,6.84756,20000.2,0,0,0,0,0,0,151111,71110.2,8.3819e-15,0.0942129,0,9.93657e-07,6.83591e-06,9.77278e-09,1.09546,36589.1,0,0.121964,39008.9,0.13003,0.0624596,0.00684799,0.734918,2.9544,81299.7,0.0653268,103763,0.083462,0,71,71
678122,678122,6.78128,19999.8,0,0,0,0,0,0,151143,71143.6,8.3819e-15,0.0956796,0,5.5182e-07,5.84573e-06,5.4274e-09,1.09545,13322.5,0,0.0444082,25325.2,0.0844171,0.0304661,0.00380156,0.752739,2.96865,44594,0.0411344,51245,0.0451635,0,72,72
671289,671289,6.71285,20000.1,0,0,0,0,0,0,151182,71181.1,8.3819e-15,0.0971852,0,5.92919e-07,6.08001e-06,5.83145e-09,1.09545,14304.1,0,0.0476801,21785.1,0.0726168,0.0217976,0.00308391,0.771248,2.98345,38156.8,0.0363281,37128.9,0.0353763,0,73,73
664309,664309,6.64317,19999.8,0,0,0,0,0,0,151216,71216.6,8.3819e-15,0.0986859,0,9.16001e-07,8.72511e-06,9.00923e-09,1.09545,42171,0,0.14057,29139.8,0.0971324,0.0180532,0.00278671,0.790297,2.99869,25655,0.0262834,31199.6,0.0309036,0,74,74
657216,657216,6.57212,20000.1,0,0,0,0,0,0,151256,71255.1,8.3819e-15,0.100181,0,5.13267e-07,5.00309e-06,5.04824e-09,1.09545,34083.9,0,0.113612,32563.2,0.108535,0.0189377,0.00294466,0.809828,3.01432,28397.3,0.0291847,33199.3,0.0315391,0,75,75
650021,650021,6.49959,20001.9,0,0,0,0,0,0,151306,71298,8.3819e-15,0.101638,0,8.12899e-06,4.65344e-05,7.99337e-08,1.09554,21085.8,0,0.0702507,61489,0.204897,0.0348985,0.00497408,0.829857,3.03035,57515.4,0.0476802,62542,0.0517783,0,76,76
642991,642991,6.42878,20003.5,0,0,0,0,0,0,151353,71339.1,8.3819e-15,0.103022,0,5.98386e-05,0.000103533,5.88495e-07,1.09565,167082,0,0.556687,209697,0.699075,0.0639484,0.00956692,0.8496,3.04615,142537,0.112783,116625,0.0927263,0,77,77
636465,636465,6.36604,19995.6,0,0,0,0,0,0,151333,71351.1,8.3819e-15,0.104556,0,0.000337137,0.000136441,3.32171e-06,1.09546,577891,0,1.92788,548130,1.83196,0.072285,0.011321,0.867841,3.06075,157807,0.126536,133616,0.107141,0,78,78
630231,630231,6.31718,19952.9,0,0,0,0,0,0,151076,71264.8,8.3819e-15,0.106944,0,0.00377334,0.00129053,3.74121e-05,1.09544,1.08903e+06,0,3.65337,958688,3.22348,0.0464429,0.007582,0.884677,3.07421,69663.3,0.0578205,86812.4,0.0719913,0,79,79
623685,623685,6.28425,19849.1,0,0,0,0,0,0,150411,71014.7,8.3819e-15,0.111088,0,0.0133533,0.00415231,0.000134016,1.09546,1.25241e+06,0,4.25916,1.13578e+06,3.86528,0.0240591,0.00441614,0.901391,3.08757,41940.8,0.039334,45289.3,0.0409458,0,80,80
616519,616519,6.26568,19679.2,0,0,0,0,0,0,149312,70595.2,8.3819e-15,0.117214,0,0.0231412,0.00885516,0.000237975,1.09548,909309,0,3.18988,936549,3.2664,0.0236254,0.00451091,0.918809,3.10151,33531.4,0.032385,44996.6,0.0407273,0,81,81
608966,608966,6.25765,19463.1,0,0,0,0,0,0,147919,70066.3,8.3819e-15,0.124735,0,0.0240283,0.0148433,0.000260247,1.09548,479399,0,1.80558,583103,2.14231,0.0406573,0.00751178,0.936664,3.1158,65724,0.0546379,78511.2,0.0657952,0,82,82
601556,601556,6.25905,19222,0,0,0,0,0,0,146376,69488.4,8.3819e-15,0.132991,0,0.0205261,0.0215595,0.000243607,1.09548,287828,0,1.20057,341074,1.37417,0.0639816,0.0122962,0.953806,3.12952,154588,0.126635,124986,0.102606,0,83,83
594645,594645,6.27122,18964.3,0,0,0,0,0,0,144743,68885.5,8.3819e-15,0.141693,0,0.0189461,0.0287846,0.000249886,1.09549,221146,0,1.01023,232690,1.04429,0.0624388,0.0124274,0.969273,3.14189,132374,0.109267,123222,0.100921,0,84,84
588093,588093,6.29208,18693.2,0,0,0,0,0,0,143042,68269.2,8.3819e-15,0.150788,0,0.0179612,0.0364365,0.000265825,1.09549,158804,0,0.827428,171638,0.867673,0.0367023,0.00754097,0.983504,3.15327,44334,0.0343115,72802.4,0.0588394,0,85,85
581603,581603,6.31777,18411.7,0,0,0,0,0,0,141300,67652.9,8.3819e-15,0.16027,0,0.0163125,0.0444439,0.000278567,1.09549,116477,0,0.708466,125127,0.735347,0.0282298,0.00598152,0.997484,3.16445,39054.7,0.0313559,56416,0.0454894,0,86,86
575237,575237,6.34858,18121.9,0,0,0,0,0,0,139531,67043.3,8.3819e-15,0.170074,0,0.0144491,0.0527498,0.000292416,1.09549,85125,0,0.623103,91082.8,0.641802,0.0487518,0.0106396,1.01105,3.17531,115515,0.0957541,98290.3,0.0814548,0,87,87
569291,569291,6.38759,17825.1,0,0,0,0,0,0,137744,66443.5,8.3819e-15,0.180102,0,0.0125834,0.0613236,0.000309743,1.09549,61066.8,0,0.560711,66049.5,0.576797,0.0672736,0.0150713,1.02324,3.18506,152956,0.128823,136559,0.11499,0,88,88
563863,563863,6.43595,17522.5,0,0,0,0,0,0,135947,65857,8.3819e-15,0.190307,0,0.0106747,0.07014,0.000330198,1.09549,44022.6,0,0.521439,46917.4,0.530341,0.0671631,0.0153864,1.03372,3.19345,131800,0.112842,137201,0.116146,0,89,89
558861,558861,6.49285,17214.9,0,0,0,0,0,0,134147,65287.7,8.3819e-15,0.200687,0,0.00904961,0.0791793,0.000357937,1.09549,28956.5,0,0.48686,33228.4,0.502382,0.0632713,0.0147745,1.04276,3.20067,122854,0.102574,129609,0.110052,0,90,90
554266,554266,6.55835,16902.9,0,0,0,0,0,0,132350,64738.7,8.3819e-15,0.211233,0,0.00823531,0.0884335,0.000399792,1.09549,24938.3,0,0.495526,25524.2,0.49658,0.0658777,0.015631,1.05039,3.20678,138265,0.120137,135231,0.115797,0,91,91
550132,550132,6.63358,16586.6,0,0,0,0,0,0,130557,64211,8.3819e-15,0.221931,0,0.00849244,0.0979057,0.00046024,1.0955,19328.9,0,0.496747,22887,0.511113,0.0686595,0.0164961,1.05639,3.21158,145035,0.123596,141236,0.120927,0,92,92
546463,546463,6.71917,16266.1,0,0,0,0,0,0,128771,63706,8.3819e-15,0.232778,0,0.0119348,0.107602,0.000571637,1.09551,28398.1,0,0.561424,30988.6,0.573013,0.0656413,0.0159125,1.0607,3.21502,135217,0.115509,135381,0.116494,0,93,93
543199,543199,6.81545,15940.6,0,0,0,0,0,0,126986,63224,8.3819e-15,0.243812,0,0.0175987,0.117552,0.000667797,1.09552,53296.4,0,0.700387,51284.2,0.607448,0.0579944,0.0141386,1.06344,3.21722,118129,0.104457,119806,0.103264,0,94,94
540252,540252,6.92269,15608.6,0,0,0,0,0,0,125202,62767.5,8.3819e-15,0.255124,0,0.0296214,0.127839,0.000664143,1.09557,85500.1,0,0.403362,98504.3,0.548811,0.0477945,0.0116852,1.06481,3.2183,96561.8,0.0793205,98593.7,0.0846955,0,95,95
537576,537576,7.03843,15275.9,0,0,0,0,0,0,123450,62345.9,8.3819e-15,0.266516,0,0.0471273,0.138265,0.000981385,1.09563,208188,0,0.454105,171620,0.507584,0.0357416,0.00880763,1.06508,3.21853,69804.2,0.0640184,73047.4,0.0634806,0,96,96
535148,535148,7.1579,14953.1,0,0,0,0,0,0,121782,61969.3,8.3819e-15,0.277593,0,0.0477112,0.148436,0.00117048,1.09563,210810,0,0.437324,183771,0.434042,0.0229758,0.00561439,1.06456,3.21811,41384.5,0.0339771,46196.4,0.0393303,0,97,97
532858,532858,7.28026,14638.9,0,0,0,0,0,0,120194,61638.3,8.3819e-15,0.288459,0,0.0361912,0.15844,0.00103327,1.09563,82004.5,0,0.136054,147065,0.391555,0.0118452,0.00305912,1.0636,3.21734,18639.2,0.0139419,23382.2,0.021413,0,98,98
530567,530567,7.40724,14326.1,0,0,0,0,0,0,118652,61348,8.3819e-15,0.299405,0,0.048303,0.168536,0.00159529,1.09566,202849,0,0.683307,209403,0.711332,0.00485639,0.00202892,1.06244,3.21643,4828.49,0.0110622,8989.92,0.013979,0,99,99
528312,528312,7.53443,14024.3,0,0,0,0,0,0,117205,61107.4,8.3819e-15,0.310111,0,0.0727232,0.178419,0.0027498,1.09573,397153,0,1.4424,331811,1.18762,0.00246931,0.00175336,1.06124,3.21545,2288.28,0.00943293,4025.1,0.0119673,0,100,100
526180,526180,7.65629,13745.4,0,0,0,0,0,0,115899,60917,8.3819e-15,0.320089,0,0.0773917,0.187631,0.0033031,1.09577,365594,0,1.33683,369967,1.36993,0.00318556,0.00233374,1.06008,3.21454,5361.6,0.0181206,4669.09,0.015547,0,101,101
524150,524150,7.77301,13486.7,0,0,0,0,0,0,114712,60764.9,8.3819e-15,0.32937,0,0.0735416,0.196178,0.00349668,1.09573,331767,0,1.30582,362800,1.42851,0.00379935,0.00286524,1.05898,3.21366,6125.71,0.0224396,5961.68,0.0195207,0,102,102
522217,522217,7.88464,13246.7,0,0,0,0,0,0,113639,60652.7,8.3819e-15,0.338095,0,0.0769166,0.204221,0.00403624,1.09573,406711,0,1.72783,395969,1.67214,0.00398424,0.00219486,1.05796,3.21282,6795.64,0.0133697,6860.48,0.0150408,0,103,103
520453,520453,7.98729,13032.2,0,0,0,0,0,0,112709,60579.8,8.3819e-15,0.346022,0,0.0866775,0.211549,0.00496006,1.09582,460328,0,2.07291,456052,2.0682,0.00456594,0.0015261,1.05702,3.2121,8319.99,0.0031612,7924.79,0.00999337,0,104,104
518901,518901,8.07818,12847.1,0,0,0,0,0,0,111917,60528.5,8.3819e-15,0.352852,0,0.0923512,0.217841,0.00568543,1.09581,511725,0,2.51059,502898,2.41399,0.00506679,0.00244873,1.05618,3.2114,8613.3,0.0206821,8272.45,0.0162593,0,105,105
517610,517610,8.15505,12694.3,0,0,0,0,0,0,111272,60495.2,8.3819e-15,0.358495,0,0.0933163,0.223039,0.00609459,1.09577,520858,0,2.55982,514578,2.57515,0.00492169,0.00354943,1.05544,3.21082,7384.9,0.0282861,7800.53,0.0243038,0,106,106
516612,516612,8.21591,12576,0,0,0,0,0,0,110784,60480.5,8.3819e-15,0.362927,0,0.0897618,0.227138,0.00613763,1.09579,498280,0,2.66453,501109,2.57006,0.00452999,0.00338782,1.05479,3.21032,7705.76,0.0192639,7729.81,0.0237657,0,107,107
515907,515907,8.26115,12490,0,0,0,0,0,0,110428,60468.2,8.3819e-15,0.366094,0,0.0838276,0.230062,0.00592095,1.09574,474274,0,2.34832,470084,2.44297,0.00458964,0.00302299,1.05423,3.20984,8154.08,0.0195774,7614.74,0.0208711,0,108,108
515484,515484,8.29014,12436.1,0,0,0,0,0,0,110207,60462.4,8.3819e-15,0.368089,0,0.0702798,0.231908,0.00508144,1.09572,405448,0,2.27103,391567,2.10581,0.00437665,0.00345154,1.05376,3.2095,6072.43,0.0256941,6465.27,0.0235206,0,109,109
515310,515310,8.30588,12408.3,0,0,0,0,0,0,110097,60463.6,8.3819e-15,0.369155,0,0.0479436,0.232927,0.00349377,1.09577,248520,0,1.36743,265988,1.36516,0.00505255,0.00406196,1.05337,3.20918,4841.28,0.0326242,5297.57,0.0279273,0,110,110
515286,515286,8.3134,12396.5,0,0,0,0,0,0,110047,60460.9,8.3819e-15,0.369574,0,0.0289543,0.233341,0.00211955,1.09577,120283,0,0.245248,154582,0.723964,0.00424386,0.00347181,1.05303,3.20888,4951.28,0.0198218,4666.4,0.0240578,0,111,111
515317,515317,8.31532,12394.4,0,0,0,0,0,0,110046,60468.1,8.3819e-15,0.369732,0,0.0179624,0.233505,0.00251491,1.09586,71715,0,0.812453,87547.5,0.975291,0.0037291,0.00291151,1.05275,3.20871,3559.53,0.0128486,3710.42,0.0197869,0,112,112
515363,515363,8.31843,12390.9,0,0,0,0,0,0,110034,60470,8.3819e-15,0.369886,0,0.0147846,0.233702,0.0048365,1.09594,33809.2,0,2.075,52961.3,1.86283,0.00513875,0.0039835,1.05251,3.20848,2147.26,0.0329223,2609.85,0.0269985,0,113,113
515382,515382,8.31955,12389.7,0,0,0,0,0,0,110033,60474.3,8.3819e-15,0.369979,0,0.0142627,0.233779,0.00582762,1.09597,47440.2,0,2.70948,46269.3,2.25824,0.00559623,0.00457362,1.05229,3.2083,2088.88,0.0366303,2009.72,0.0317173,0,114,114
515397,515397,8.31881,12391.1,0,0,0,0,0,0,110048,60483.8,8.3819e-15,0.370027,0,0.011468,0.233795,0.00420182,1.09604,36339.4,0,1.42244,44792,1.65224,0.00475924,0.00371631,1.05209,3.2082,1528.66,0.0166597,1519.24,0.025285,0,115,115
515426,515426,8.32089,12388.7,0,0,0,0,0,0,110042,60487.5,8.3819e-15,0.370155,0,0.00998207,0.233949,0.00256166,1.09611,23815.8,0,0.63964,42343.1,0.994831,0.00470124,0.003756,1.05192,3.20799,625.457,0.0224522,937.161,0.0258178,0,116,116
515442,515442,8.32142,12388.3,0,0,0,0,0,0,110052,60498.6,8.3819e-15,0.370292,0,0.0131654,0.234088,0.00300866,1.09624,61640,0,1.0866,61607.3,1.18648,0.00651965,0.00516547,1.05175,3.20789,661.136,0.0435794,668.194,0.0353884,0,117,117
515469,515469,8.32151,12388.8,0,0,0,0,0,0,110064,60508.7,8.3819e-15,0.370381,0,0.0184204,0.234187,0.0049042,1.09635,90782,0,2.02837,80495.5,1.91928,0.00605102,0.00504037,1.05159,3.20781,682.123,0.0313731,605.342,0.035263,0,118,118
515491,515491,8.31863,12393.7,0,0,0,0,0,0,110113,60538.7,8.3819e-15,0.370523,0,0.0174564,0.234314,0.00545121,1.09665,55685.3,0,2.52646,69160.4,2.1149,0.00554816,0.0044041,1.05143,3.2076,348.331,0.0233516,446.484,0.0302138,0,119,119
515485,515485,8.31677,12396.3,0,0,0,0,0,0,110141,60555.7,8.3819e-15,0.370607,0,0.0125463,0.234348,0.00361144,1.09677,37684,0,1.19646,49654.5,1.3903,0.00658536,0.00519695,1.05128,3.20755,349.317,0.041614,344.199,0.0355705,0,120,120
515500,515500,8.31816,12394.6,0,0,0,0,0,0,110131,60552.8,8.3819e-15,0.370641,0,0.00976647,0.234376,0.00250234,1.09674,39744.9,0,0.608576,38161.2,0.950073,0.00663006,0.00548584,1.05114,3.20745,415.74,0.0432771,401.759,0.0383042,0,121,121
515528,515528,8.31624,12398.1,0,0,0,0,0,0,110168,60575.2,8.3819e-15,0.370749,0,0.00980447,0.234482,0.00377973,1.09697,16897.6,0,1.56817,32388.2,1.45075,0.00569808,0.00439543,1.051,3.20726,435.415,0.0248358,460.728,0.0298013,0,122,122
515554,515554,8.31633,12398.6,0,0,0,0,0,0,110180,60585.8,8.3819e-15,0.370845,0,0.0141088,0.234598,0.00490411,1.0971,41087.5,0,2.16425,47627.4,1.8681,0.00577249,0.00453954,1.05087,3.20724,498.026,0.034114,503.199,0.031045,0,123,123
515606,515606,8.3137,12403.8,0,0,0,0,0,0,110231,60615.4,8.3819e-15,0.370969,0,0.0166682,0.234761,0.00406089,1.09745,87054.9,0,1.4375,71003,1.56088,0.00703209,0.00565432,1.05074,3.20713,599.307,0.0489142,580.248,0.0390443,0,124,124
515647,515647,8.30806,12413.2,0,0,0,0,0,0,110315,60662.6,8.3819e-15,0.371123,0,0.0159145,0.234918,0.00402475,1.09793,62445.8,0,0.980379,61744,1.5172,0.00633362,0.00500384,1.05062,3.20696,636.935,0.024158,583.65,0.0343043,0,125,125
515657,515657,8.30911,12411.8,0,0,0,0,0,0,110308,60660.8,8.3819e-15,0.371153,0,0.0123644,0.234947,0.00696037,1.09791,14749.7,0,2.6356,30323.3,2.71904,0.00570256,0.00468368,1.05051,3.20698,538.315,0.0252853,563.217,0.0326383,0,126,126
515661,515661,8.30504,12418,0,0,0,0,0,0,110358,60686,8.3819e-15,0.371192,0,0.0222733,0.234932,0.0152055,1.09811,14473.1,0,4.59902,15758,6.09371,0.00744112,0.00594076,1.0504,3.20686,614.763,0.0509725,644.349,0.0409223,0,127,127
515666,515666,8.30304,12421.1,0,0,0,0,0,0,110386,60701.5,8.3819e-15,0.371242,0,0.0499654,0.234947,0.0334731,1.09824,15178.5,0,11.9713,29528.8,13.3759,0.00695246,0.0056677,1.05031,3.20673,721.655,0.0319214,715.413,0.0393902,0,128,128
515693,515693,8.34997,12352.1,0,0,0,0,0,0,109841,60433.1,8.3819e-15,0.370955,0,0.0934097,0.234979,0.0588277,1.09586,61384.7,0,23.8158,57853.2,23.4398,0.00641103,0.00517758,1.05022,3.20678,754.493,0.026387,724.569,0.0358471,0,129,129
515783,515783,8.49399,12145.2,0,0,0,0,0,0,108211,59629.8,8.3819e-15,0.370096,0,0.12919,0.235141,0.0810832,1.08878,81433.8,0,32.9307,65092.1,32.8049,0.00770547,0.00615333,1.05014,3.20666,699.824,0.0515254,704.893,0.0424096,0,130,130
515966,515966,8.77223,11765.2,0,0,0,0,0,0,105211,58150.7,8.3819e-15,0.368483,0,0.157387,0.235479,0.0972848,1.07565,39698.3,0,40.4959,55274.1,40.4575,0.00743937,0.00615658,1.05006,3.20656,671.425,0.0390536,642.897,0.0430664,0,131,131
516201,516201,9.2201,11200.5,0,0,0,0,0,0,100743,55941.1,8.3819e-15,0.365943,0,0.173663,0.235859,0.104538,1.0556,58938,0,47.1221,70328.2,45.3194,0.00720704,0.00577996,1.05,3.20664,605.977,0.0304844,585.645,0.0399144,0,132,132
516437,516437,9.87084,10469,0,0,0,0,0,0,94936.1,53060,8.3819e-15,0.362416,0,0.166155,0.236107,0.106117,1.02861,108992,0,45.8477,92212.5,49.4651,0.0083199,0.00667715,1.04994,3.20652,497.106,0.0555181,551.786,0.0461306,0,133,133
516628,516628,10.723,9642.07,0,0,0,0,0,0,88346.5,49778.2,8.3819e-15,0.358115,0,0.168076,0.23613,0.101433,0.996677,77040.2,0,58.0429,86917.5,50.4363,0.00836119,0.00689945,1.04989,3.20645,519.09,0.0436539,551.228,0.0482193,0,134,134
516808,516808,11.8267,8747.93,0,0,0,0,0,0,81194.8,46203.1,8.3819e-15,0.353102,0,0.135817,0.236013,0.079057,0.960411,63030.5,0,40.617,68885.8,42.6648,0.0083936,0.00677913,1.04985,3.20658,574.397,0.0366582,595.024,0.0469616,0,135,135
517024,517024,13.1072,7895.58,0,0,0,0,0,0,74360.1,42777.8,8.3819e-15,0.348057,0,0.0998837,0.23599,0.0696901,0.924204,49804.6,0,36.0126,52333.6,42.8515,0.00930581,0.00751416,1.04982,3.20648,551.995,0.0638819,562.033,0.0520545,0,136,136
517226,517226,14.2658,7254.37,0,0,0,0,0,0,69206.6,40189.1,8.3819e-15,0.344078,0,0.114806,0.236069,0.0823534,0.895779,26409.3,0,63.2609,55834,55.1779,0.00915453,0.00732772,1.04978,3.20639,512.888,0.0395277,429.934,0.0505834,0,137,137
517365,517365,15.1567,6828.32,0,0,0,0,0,0,65772.8,38459.5,8.3819e-15,0.341296,0,0.109308,0.236117,0.0816855,0.876178,102147,0,59.2728,116867,58.4243,0.00861401,0.00711525,1.04975,3.20656,290.95,0.0375785,334.608,0.0497503,0,138,138
517408,517408,15.8065,6547.41,0,0,0,0,0,0,63499.2,37309.6,8.3819e-15,0.339336,0,0.0956026,0.235985,0.0692706,0.86275,233999,0,52.098,192956,51.1295,0.00930453,0.00756254,1.04973,3.20652,227.31,0.066449,271.058,0.0525347,0,139,139
517449,517449,16.2265,6378.02,0,0,0,0,0,0,62128.1,36616,8.3819e-15,0.338147,0,0.075781,0.235938,0.0550584,0.854548,165194,0,41.9422,216509,41.6494,0.00813753,0.00618939,1.04971,3.20639,306.167,0.0407629,182.658,0.0417877,0,140,140
517561,517561,16.4447,6294.59,0,0,0,0,0,0,61462.4,36284.1,8.3819e-15,0.337674,0,0.0520003,0.236206,0.0383393,0.850759,222481,0,31.5501,273165,29.4579,0.00700523,0.00564978,1.04969,3.20655,154.154,0.0388177,177.887,0.0391225,0,141,141
517561,517561,16.5492,6254.83,0,0,0,0,0,0,61139,36119.7,8.3819e-15,0.337375,0,0.0400986,0.236163,0.0198607,0.848772,451828,0,14.4122,373934,15.4399,0.00881326,0.00721928,1.04968,3.20662,352.615,0.0637916,279.347,0.050309,0,142,142
517544,517544,16.5907,6238.95,0,0,0,0,0,0,61006.1,36050.3,8.3819e-15,0.337211,0,0.034273,0.236063,0.00778795,0.847894,322694,0,3.28164,372833,6.20264,0.0102484,0.00792708,1.04966,3.20665,520.405,0.0488797,356.401,0.0539149,0,143,143
517615,517615,16.5973,6237.35,0,0,0,0,0,0,60999.3,36049.9,8.3819e-15,0.337274,0,0.0322739,0.236272,0.00554601,0.848024,274593,0,4.44493,365766,4.51419,0.0110248,0.00898053,1.04965,3.20704,673.191,0.0739726,482.359,0.0624199,0,144,144
517547,517547,16.6169,6229.17,0,0,0,0,0,0,60925.2,36008.5,8.3819e-15,0.337122,0,0.0525608,0.236057,0.00833969,0.847409,576679,0,6.35039,600982,6.84827,0.0130869,0.0105218,1.04964,3.20721,742.222,0.067444,637.203,0.072728,0,145,145
517555,517555,16.6219,6227.39,0,0,0,0,0,0,60909,35999.5,8.3819e-15,0.337089,0,0.116259,0.236029,0.0174638,0.847293,936608,0,9.8476,1.33766e+06,14.4276,0.0129116,0.0107027,1.04963,3.20697,613.2,0.0617887,599.506,0.0749227,0,146,146
517543,517543,16.6274,6225.2,0,0,0,0,0,0,60894.8,35994,8.3819e-15,0.337115,0,0.234042,0.236059,0.0356383,0.847215,2.48563e+06,0,27.1595,2.69742e+06,29.4846,0.0117919,0.00977302,1.04963,3.20708,520.072,0.0819435,500.138,0.068404,0,147,147
516328,516328,16.8054,6145.02,0,0,0,0,0,0,60163.8,35583.7,8.3819e-15,0.335572,0,0.416499,0.233006,0.0638039,0.84021,4.23195e+06,0,46.5775,4.6996e+06,53.0518,0.0101843,0.00797911,1.04962,3.20745,470.152,0.0418372,487.659,0.0545412,0,148,148
512801,512801,17.3277,5919.93,0,0,0,0,0,0,58113.5,34433.8,8.3819e-15,0.331225,0,0.671455,0.224156,0.103391,0.820123,7.06459e+06,0,82.2006,7.0638e+06,86.7471,0.011556,0.00959793,1.04962,3.20753,268.244,0.0688599,422.676,0.0672117,0,149,149
504723,504723,18.5837,5437.43,0,0,0,0,0,0,53785.3,32035.6,8.3819e-15,0.322531,0,0.775906,0.204817,0.124844,0.775906,9.27298e+06,0,125.201,7.8803e+06,104.868,0.0238213,0.0215207,1.04961,3.20781,208.768,0.0941575,346.725,0.155505,0,150,150
487363,487363,21.5711,4538.43,0,0,0,0,0,0,45833.9,27680.2,8.3819e-15,0.307147,0,0.686088,0.164611,0.138192,0.686088,5.9031e+06,0,87.4534,7.44518e+06,90.9471,0.0581306,0.053132,1.04961,3.20834,223.124,0.28639,394.92,0.385322,0,151,151
457486,457486,27.6589,3338.94,0,0,0,0,0,0,35617.1,22261.4,8.3819e-15,0.29084,0,0.546674,0.0997434,0.197583,0.546674,8.02334e+06,0,65.7336,8.97675e+06,105.428,0.120265,0.105248,1.04961,3.20723,345.006,0.706435,470.068,0.752174,0,152,152
421467,421467,36.1185,2346.62,0,0,0,0,0,0,28173.6,18787.2,8.3819e-15,0.290834,0,0.408018,0.0331381,0.133978,0.408018,1.24904e+07,0,183.776,9.69531e+06,149.559,0.1856,0.161372,1.04962,3.20164,566.354,1.11123,445.423,1.15614,0,153,153
402270,402270,40.5065,1986.21,0,0,0,0,0,0,25999.8,18055,8.3819e-15,0.298037,0,0.162861,0.00202874,0.0159457,0.347242,5.95028e+06,0,155.039,5.79504e+06,123.695,0.24699,0.214642,1.04962,3.18894,433.901,1.49715,352.547,1.55475,0,154,154
401365,401365,40.2034,1996.67,0,0,0,0,0,0,26152.5,18165.8,8.3819e-15,0.299029,0,0.0250144,0.000948295,0.0024651,0.34707,263511,0,28.0565,1.4964e+06,48.1415,0.302936,0.26359,1.04962,3.167,273.225,1.90351,241.925,1.94761,0,155,155
400478,400478,40.0266,2001.06,0,0,0,0,0,0,26442,18437.7,8.3819e-15,0.302441,0,0.00657478,0.000261613,0.000655805,0.346763,235203,0,12.9966,182597,11.5129,0.349193,0.30012,1.04962,3.13423,178.676,2.28998,189.67,2.27148,0,156,156
398472,398472,39.8506,1999.83,0,0,0,0,0,0,26788.8,18789.5,8.3819e-15,0.307113,0,0.00167742,5.26499e-05,0.000165732,0.346448,67817,0,3.64714,97266,4.98297,0.363828,0.318242,1.04963,3.08975,218.735,2.49409,226.116,2.5262,0,157,157
396083,396083,39.6083,2000,0,0,0,0,0,0,27255.7,19255.7,8.3819e-15,0.313117,0,0.000446428,6.1921e-06,4.39282e-05,0.346416,15515.5,0,0.887731,30530.4,1.48412,0.41254,0.365224,1.04964,3.03451,308.167,2.64405,254.327,3.06752,0,158,158
393187,393187,39.3185,2000.01,0,0,0,0,0,0,27825.7,19825.7,8.3819e-15,0.320312,0,0.000119477,2.18715e-06,1.17531e-05,0.346413,3805.94,0,0.226148,8438.45,0.406115,0.467403,0.419815,1.04965,2.97102,396.458,3.95836,342.72,3.77101,0,159,159
389659,389659,38.966,1999.99,0,0,0,0,0,0,28538.1,20538.1,8.3819e-15,0.329086,0,3.20079e-05,1.58545e-06,3.14848e-06,0.346411,1857.36,0,0.0885134,3048.33,0.135058,0.481957,0.391644,1.04966,2.89739,501.091,4.31528,492.231,3.55417,0,160,160
385430,385430,38.5429,2000,0,0,0,0,0,0,29418.1,21418,8.3819e-15,0.339608,0,8.58387e-06,1.38321e-06,8.44356e-07,0.346412,1952.06,0,0.0721963,2269.82,0.0846225,0.328249,0.297469,1.04967,2.81408,320.472,2.38067,525.347,3.13568,0,161,161
380984,380984,38.0985,1999.99,0,0,0,0,0,0,30371.9,22371.9,8.3819e-15,0.350664,0,2.30924e-06,1.65634e-06,2.2715e-07,0.346411,2524.86,0,0.0860718,2640.29,0.0904109,0.482831,0.426852,1.04969,2.73186,107.773,3.22213,519.765,4.8118,0,162,162
376464,376464,37.6463,2000,0,0,0,0,0,0,31373.5,23373.5,8.3819e-15,0.361907,0,6.36908e-07,2.09705e-06,6.26535e-08,0.346413,3194.82,0,0.107006,3246.61,0.108864,0.599789,0.540765,1.0497,2.65342,845.228,8.31452,908.902,6.72587,0,163,163
371111,371111,37.1112,2000,0,0,0,0,0,0,32600.5,24600.5,8.3819e-15,0.375215,0,1.90639e-07,2.51374e-06,1.8753e-08,0.346412,3788.37,0,0.126416,3801.31,0.126883,0.476565,0.416139,1.04971,2.56674,2789,5.94398,2305.82,5.45288,0,164,164
365223,365223,36.5223,2000,0,0,0,0,0,0,34001.2,26001.2,8.3819e-15,0.389862,0,7.8149e-08,2.8148e-06,7.6873e-09,0.346413,4206.77,0,0.140262,4188.51,0.139663,0.287874,0.266518,1.04972,2.47804,4394.54,0.993142,4267.42,4.13637,0,165,165
359708,359708,35.9708,2000,0,0,0,0,0,0,35362.1,27362.1,8.3819e-15,0.403587,0,4.64025e-08,2.96639e-06,4.56407e-09,0.346413,4408.36,0,0.146955,4366.22,0.145553,0.309197,0.30173,1.04974,2.40077,3373.38,5.61765,4812.77,5.54834,0,166,166
354193,354193,35.4193,2000,0,0,0,0,0,0,36769.1,28769.1,8.3819e-15,0.417296,0,3.85752e-08,2.96886e-06,3.79406e-09,0.346413,4395.04,0,0.146504,4337.03,0.144571,0.354245,0.335375,1.04975,2.32868,3164.27,5.27699,4692.24,6.33453,0,167,167
348641,348641,34.8641,2000,0,0,0,0,0,0,38235.4,30235.4,8.3819e-15,0.431124,0,3.4188e-08,2.84297e-06,3.36251e-09,0.346413,4197.32,0,0.139912,4131.06,0.137703,0.273789,0.268459,1.04978,2.26066,10574.7,4.09923,9688.74,6.0092,0,168,168
343837,343837,34.3837,2000,0,0,0,0,0,0,39538.7,31538.7,8.3819e-15,0.443058,0,2.87741e-08,2.62003e-06,2.83004e-09,0.346413,3860.76,0,0.128692,3792.66,0.126422,0.26329,0.259509,1.04978,2.20523,22034.6,6.88477,20619.1,6.3324,0,169,169
340020,340020,34.0019,2000,0,0,0,0,0,0,40599.5,32599.5,8.3819e-15,0.452537,0,2.35997e-08,2.33438e-06,2.3211e-09,0.346413,3435.15,0,0.114505,3370.01,0.112334,0.249526,0.247712,1.04979,2.1633,19871.4,6.50986,26286.3,6.5816,0,170,170
337012,337012,33.7013,2000,0,0,0,0,0,0,41462.7,33462.7,8.3819e-15,0.460106,0,1.79428e-08,2.01814e-06,1.76474e-09,0.346412,2966.93,0,0.0988975,2907.89,0.0969297,0.229693,0.228784,1.04987,2.13138,24126.3,6.58822,30916.6,6.41891,0,171,171
334642,334642,33.4641,2000,0,0,0,0,0,0,42133.2,34133.2,8.3819e-15,0.465901,0,1.29643e-08,1.69794e-06,1.27508e-09,0.346412,2494.55,0,0.0831517,2443.31,0.0814438,0.208273,0.208028,1.04981,2.10714,69729.1,6.13779,60680.3,6.09392,0,172,172
332882,332882,33.2882,2000,0,0,0,0,0,0,42651,34651,8.3819e-15,0.470326,0,8.8896e-09,1.39364e-06,8.74325e-10,0.346411,2046.6,0,0.06822,2003.7,0.0667899,0.186253,0.186253,1.04984,2.08939,99297.1,5.69659,94688.3,5.65449,0,173,173
331655,331655,33.1655,2000,0,0,0,0,0,0,43042.4,35042.3,8.3819e-15,0.473643,0,5.82325e-09,1.1182e-06,5.72735e-10,0.346412,1641.7,0,0.0547233,1606.88,0.0535625,0.157124,0.157124,1.05003,2.07697,73363.5,5.31741,106893,4.87819,0,174,174
330715,330715,33.0715,2000,0,0,0,0,0,0,43274.5,35274.6,8.3819e-15,0.475601,0,3.654e-09,8.78609e-07,3.59384e-10,0.346411,1289.78,0,0.0429927,1262.27,0.0420757,0.121888,0.121888,1.04975,2.06813,160316,3.74226,157938,3.82164,0,175,175
330211,330211,33.021,2000,0,0,0,0,0,0,43445.8,35445.8,8.3819e-15,0.477039,0,2.20383e-09,6.77054e-07,2.16754e-10,0.346411,993.893,0,0.0331298,972.679,0.0324226,0.0944399,0.0944399,1.04987,2.06303,263883,3.01337,226996,3.01043,0,176,176
330045,330045,33.0045,2000,0,0,0,0,0,0,43580.9,35580.9,8.3819e-15,0.478171,0,1.28092e-09,5.1236e-07,1.25983e-10,0.346411,752.179,0,0.0250726,736.174,0.0245391,0.0669477,0.0669477,1.05036,2.0607,177982,2.60974,233812,2.16072,0,177,177
329745,329745,32.9745,2000,0,0,0,0,0,0,43574.8,35574.8,8.3819e-15,0.47812,0,7.19172e-10,3.81194e-07,7.0733e-11,0.346411,559.696,0,0.0186565,547.859,0.018262,0.0438993,0.0438993,1.0498,2.05858,278044,1.48175,276173,1.4374,0,178,178
329686,329686,32.9686,2000,0,0,0,0,0,0,43598.7,35598.7,8.3819e-15,0.478319,0,3.90919e-10,2.79112e-07,3.84483e-11,0.34641,409.889,0,0.013663,401.295,0.0133765,0.0413913,0.0413913,1.04984,2.05796,416509,1.4672,353731,1.34435,0,179,179
329870,329870,32.9869,2000,0,0,0,0,0,0,43681.8,35681.8,8.3819e-15,0.479014,0,2.06088e-10,2.01311e-07,2.02695e-11,0.34641,295.701,0,0.00985669,289.565,0.00965218,0.0417398,0.0417398,1.05064,2.0586,256683,1.22472,360087,1.38126,0,180,180
329666,329666,32.9666,2000,0,0,0,0,0,0,43622.6,35622.6,8.3819e-15,0.478519,0,1.05714e-10,1.4314e-07,1.03974e-11,0.34641,210.31,0,0.00701032,205.999,0.00686662,0.0605855,0.0605855,1.04994,2.05761,442530,1.77904,525256,2.02274,0,181,181
329743,329743,32.9743,2000,0,0,0,0,0,0,43653,35653,8.3819e-15,0.478773,0,5.28052e-11,1.00411e-07,5.19357e-12,0.34641,147.571,0,0.00491904,144.586,0.00481955,0.135507,0.135507,1.05025,2.05792,824408,3.21803,1.17829e+06,4.62072,0,182,182
330068,330068,33.0068,2000,0,0,0,0,0,0,43764.1,35764.1,8.3819e-15,0.4797,0,2.57959e-11,6.95373e-08,2.53711e-12,0.34641,102.227,0,0.00340757,100.189,0.00333963,0.267531,0.267531,1.05145,2.05934,1.92595e+06,7.64629,2.31162e+06,9.1708,0,183,183
328089,328089,32.8089,2000,0,0,0,0,0,0,43094.4,35094.4,8.3819e-15,0.474072,0,1.22086e-11,4.75695e-08,1.20075e-12,0.34641,69.9538,0,0.00233179,68.5803,0.00228601,0.484824,0.484824,1.04407,2.0505,3.35023e+06,13.298,4.13633e+06,16.6086,0,184,184
321390,321390,32.139,2000,0,0,0,0,0,0,40904.1,32904.1,8.3819e-15,0.455164,0,5.76836e-12,3.21631e-08,5.67339e-13,0.34641,47.3127,0,0.00157709,46.3985,0.00154662,0.821117,0.821117,1.01889,2.02032,6.09789e+06,24.7001,6.83656e+06,28.1072,0,185,185
305900,305900,30.59,2000,0,0,0,0,0,0,36296.9,28296.9,8.3819e-15,0.412416,0,2.67902e-12,2.15042e-08,2.63491e-13,0.34641,31.6435,0,0.00105478,31.0421,0.00103474,1.07616,1.01871,0.95974,1.94925,9.78727e+06,40.8825,8.45973e+06,34.7761,0,186,186
272629,272629,27.2629,2000,0,0,0,0,0,0,28629.8,20629.8,8.3819e-15,0.32875,0,1.34011e-12,1.42243e-08,1.31805e-13,0.34641,20.9379,0,0.000697931,20.5467,0.000684888,1.26434,0.946835,0.836577,1.79841,6.45846e+06,24.5827,7.35749e+06,27.7199,0,187,187
221192,221192,22.1192,2000,0,0,0,0,0,0,20856.6,12856.6,8.3819e-15,0.213623,0,7.50376e-13,9.31253e-09,7.38021e-14,0.34641,13.7124,0,0.000457079,13.4605,0.000448683,1.53545,0.940224,0.638002,1.54985,3.9787e+06,9.91142,6.36765e+06,20.7207,0,188,188
166136,166136,16.6136,2000,0,0,0,0,0,0,16406.8,8406.81,8.3819e-15,0.101996,0,4.39232e-13,6.03682e-09,4.31999e-14,0.34641,8.89188,0,0.000296396,8.73139,0.000291046,1.22227,1.08765,0.377098,1.22227,7.35607e+06,23.0668,7.65298e+06,29.2908,0,189,189
120079,120079,12.0079,2000,0,0,0,0,0,0,15110.5,7110.51,8.3819e-15,0.0253085,0,2.004e-13,3.87628e-09,1.971e-14,0.34641,5.71136,0,0.000190379,5.61008,0.000187003,0.68532,0.609132,0.117582,0.895653,9.73495e+06,46.4805,7.89265e+06,38.2061,0,190,190
99555.6,99555.6,9.95556,2000,0,0,0,0,0,0,15000,7000.03,8.3819e-15,0.000391605,0,9.71186e-14,2.46626e-09,9.55196e-15,0.34641,3.63497,0,0.000121166,3.57164,0.000119055,0.0162017,0.015524,0.00221407,0.748568,5.83217e+06,33.3604,4.85531e+06,27.5478,0,191,191
99782.1,99782.1,9.97821,2000,0,0,0,0,0,0,15000,7000.03,8.3819e-15,0.000379726,0,9.34562e-14,1.55532e-09,9.19174e-15,0.34641,2.29308,0,7.64358e-05,2.25383,7.51275e-05,0.00516608,0.00494083,0.00214737,0.75056,413434,1.74903,1.50513e+06,9.17801,0,192,192
100098,100098,10.0098,2000,0,0,0,0,0,0,15000,7000,8.3819e-15,0.000128361,0,3.21903e-13,9.72507e-10,3.16603e-14,0.34641,1.43425,0,4.78082e-05,1.41013,4.70042e-05,0.000985325,0.00093772,0.000721213,0.749083,80933,1.12287,192194,1.03031,0,193,193
99972.4,99972.4,9.99724,2000,0,0,0,0,0,0,15000,7000,8.3819e-15,3.52517e-05,0,2.93498e-13,6.03088e-10,2.88665e-14,0.34641,0.889694,0,2.96565e-05,0.874994,2.91665e-05,0.00023499,0.000224651,0.000198528,0.74852,47638.1,0.485541,26006.2,0.187831,0,194,194
100006,100006,10.0006,2000,0,0,0,0,0,0,15000,7000,8.3819e-15,7.61189e-06,0,1.52064e-13,3.71022e-10,1.4956e-14,0.34641,0.547503,0,1.82501e-05,0.538614,1.79538e-05,6.2515e-05,5.98406e-05,4.28433e-05,0.748375,15988.5,0.153082,10580.8,0.106994,0,195,195
99999,99999,9.9999,2000,0,0,0,0,0,0,15000,7000,8.3819e-15,1.31155e-06,0,9.48069e-14,2.26496e-10,9.32459e-15,0.34641,0.334326,0,1.11442e-05,0.328991,1.09664e-05,1.66884e-05,1.59547e-05,7.38248e-06,0.748339,5001.07,0.0461374,5163.79,0.0452998,0,196,196
100000,100000,10,2000,0,0,0,0,0,0,15000,7000,8.3819e-15,7.84454e-07,0,2.50743e-13,1.37236e-10,2.46615e-14,0.34641,0.202627,0,6.75423e-06,0.199448,6.64827e-06,4.47172e-06,4.27446e-06,4.41641e-06,0.748335,2199.8,0.0185034,2517.3,0.0202355,0,197,197
100000,100000,10,2000,0,0,0,0,0,0,15000,7000,8.3819e-15,8.71753e-07,0,2.55619e-13,8.25502e-11,2.5141e-14,0.34641,0.121916,0,4.06389e-06,0.120036,4.0012e-06,1.20122e-06,1.14827e-06,4.90757e-06,0.748337,1593.8,0.012132,1653.72,0.0124165,0,198,198
100000,100000,10,2000,0,0,0,0,0,0,15000,7000,8.3819e-15,8.06753e-07,0,1.74336e-13,4.93067e-11,1.71465e-14,0.34641,0.0728385,0,2.42795e-06,0.0717334,2.39112e-06,3.24089e-07,3.09793e-07,4.54152e-06,0.748336,1352.05,0.00985784,1269.92,0.00923271,0,199,199
99999.9,99999.9,9.99999,2000,0,0,0,0,0,0,15000,7000,8.3819e-15,6.49436e-07,0,1.75775e-13,2.92495e-11,1.72881e-14,0.34641,0.0432195,0,1.44066e-06,0.0425744,1.41915e-06,8.78171e-08,8.39417e-08,3.65588e-06,0.748335,1026.15,0.00738335,875.827,0.00629928,0,200,200
100000,100000,10,2000,0,0,0,0,0,0,15000,7000,8.3819e-15,3.98711e-07,0,1.858e-13,1.7236e-11,1.82741e-14,0.34641,0.0254744,0,8.49155e-07,0.0251001,8.36679e-07,2.38009e-08,2.27489e-08,2.24445e-06,0.748334,540.776,0.00387707,509.482,0.00365056,0,201,201
99999.7,99999.7,9.99997,2000,0,0,0,0,0,0,15000,7000,8.3819e-15,3.18827e-07,0,9.80391e-14,1.00912e-11,9.64249e-15,0.34641,0.014918,0,4.97273e-07,0.0147022,4.90078e-07,6.71101e-09,6.41422e-09,1.79474e-06,0.748333,341.129,0.00243887,521.054,0.00372421,0,202,202
100000,100000,10,2000,0,0,0,0,0,0,15000,7000,8.3819e-15,3.54941e-07,0,1.86576e-14,5.87113e-12,1.83504e-15,0.34641,0.00868108,0,2.89367e-07,0.00855741,2.85246e-07,2.9385e-09,2.80838e-09,1.998e-06,0.748334,795.695,0.0056825,1019.33,0.00728093,0,203,203
99999.7,99999.7,9.99997,2000,0,0,0,0,0,0,15000,7000,8.3819e-15,7.37041e-07,0,4.12825e-14,3.39494e-12,4.06027e-15,0.34641,0.00502074,0,1.67351e-07,0.00495028,1.65005e-07,5.02236e-09,4.79998e-09,4.14889e-06,0.748335,1540.38,0.0110024,1728.59,0.0123469,0,204,204
100000,100000,10,2000,0,0,0,0,0,0,15000,7000,8.3819e-15,1.14504e-06,0,1.43636e-13,1.95136e-12,1.41271e-14,0.34641,0.00288649,0,9.62154e-08,0.00284654,9.48827e-08,9.65099e-09,9.22353e-09,6.44549e-06,0.748338,2261.16,0.0161511,2424.02,0.0173144,0,205,205
99999.7,99999.7,9.99997,2000,0,0,0,0,0,0,15000,7000,8.3819e-15,1.51845e-06,0,2.25118e-13,1.11507e-12,2.21411e-14,0.34641,0.00164985,0,5.49944e-08,0.00162732,5.4242e-08,1.60661e-08,1.53547e-08,8.54757e-06,0.74834,2909.83,0.0207845,3039.26,0.021709,0,206,206
100000,100000,10,2000,0,0,0,0,0,0,15000,7000,8.3819e-15,1.83513e-06,0,2.17563e-13,6.33612e-13,2.13981e-14,0.34641,0.000937628,0,3.12484e-08,0.000925001,3.08284e-08,2.23589e-08,2.13686e-08,1.03301e-05,0.748342,3449.6,0.02464,3541.11,0.0252937,0,207,207
99999.8,99999.8,9.99998,2000,0,0,0,0,0,0,15000,7000,8.3819e-15,2.08023e-06,0,7.24078e-14,3.58078e-13,7.12156e-15,0.34641,0.000529848,0,1.76547e-08,0.000522821,1.74203e-08,2.77886e-08,2.6558e-08,1.17098e-05,0.748343,3856.95,0.0275496,3909.41,0.0279244,0,208,208
100000,100000,10,2000,0,0,0,0,0,0,15000,7000,8.3819e-15,2.24639e-06,0,1.31023e-13,2.01236e-13,1.28865e-14,0.34641,0.000297761,0,9.91758e-09,0.000293869,9.78815e-09,3.15552e-08,3.01575e-08,1.26451e-05,0.748344,4121.52,0.0294395,4136.69,0.0295478,0,209,209
100000,100000,10,2000,0,0,0,0,0,0,15000,7000,8.3819e-15,2.33309e-06,0,1.28283e-13,1.12443e-13,1.26171e-14,0.34641,0.000166468,0,5.54041e-09,0.000164299,5.47004e-09,3.33089e-08,3.18337e-08,1.31332e-05,0.748345,4244.77,0.0303198,4226.6,0.03019,0,210,210
100000,100000,10,2000,0,0,0,0,0,0,15000,7000,8.3819e-15,2.34544e-06,0,1.31475e-13,6.25239e-14,1.2931e-14,0.34641,9.25828e-05,0,3.08046e-09,9.1373e-05,3.04158e-09,3.31494e-08,3.16812e-08,1.32027e-05,0.748345,4237.63,0.0302688,4191.52,0.0299394,0,211,211
100000,100000,10,2000,0,0,0,0,0,0,15000,7000,8.3819e-15,2.29263e-06,0,8.8924e-14,3.45953e-14,8.74599e-15,0.34641,5.11706e-05,0,1.70303e-09,5.05196e-05,1.68171e-09,3.14188e-08,3.00272e-08,1.29055e-05,0.748344,4117.8,0.0294128,4049.89,0.0289278,0,212,212
99999.9,99999.9,9.99999,2000,0,0,0,0,0,0,15000,7000,8.3819e-15,2.18643e-06,0,2.48963e-13,1.90086e-14,2.44864e-14,0.34641,2.80831e-05,0,9.33596e-10,2.77422e-05,9.22626e-10,2.83987e-08,2.7141e-08,1.23076e-05,0.748344,3906.97,0.0279069,3823.55,0.0273111,0,213,213
100000,100000,10,2000,0,0,0,0,0,0,15000,7000,8.3819e-15,2.0397e-06,0,8.60878e-14,1.03791e-14,8.46704e-15,0.34641,1.53035e-05,0,5.0818e-10,1.51158e-05,5.01927e-10,2.4584e-08,2.34952e-08,1.14816e-05,0.748343,3628.37,0.0259169,3535.38,0.0252527,0,214,214
99999.9,99999.9,9.99999,2000,0,0,0,0,0,0,15000,7000,8.3819e-15,1.86525e-06,0,1.17407e-13,5.60874e-15,1.15474e-14,0.34641,8.27014e-06,0,2.75577e-10,8.15699e-06,2.70916e-10,2.04643e-08,1.9558e-08,1.04997e-05,0.748342,3304.72,0.0236051,3207.44,0.0229103,0,215,215
100000,100000,10,2000,0,0,0,0,0,0,15000,7000,8.3819e-15,1.6749e-06,0,8.57646e-14,3.00251e-15,8.43525e-15,0.34641,4.40329e-06,0,1.46201e-10,4.33065e-06,1.4353e-10,1.64342e-08,1.57063e-08,9.42813e-06,0.748341,2956.72,0.0211195,2859.54,0.0204253,0,216,216
99999.9,99999.9,9.99999,2000,0,0,0,0,0,0,15000,7000,8.3819e-15,1.4789e-06,0,1.04713e-13,1.60833e-15,1.02989e-14,0.34641,2.25939e-06,0,7.27596e-11,2.21888e-06,7.24185e-11,1.27675e-08,1.22021e-08,8.32488e-06,0.74834,2602.12,0.0185866,2508.48,0.0179177,0,217,217
100000,100000,10,2000,0,0,0,0,0,0,15000,7000,8.3819e-15,1.28561e-06,0,4.94759e-14,8.20668e-16,4.86612e-15,0.34641,1.07661e-06,0,3.29692e-11,1.06171e-06,3.3765e-11,9.61769e-09,9.19175e-09,7.23681e-06,0.748339,2255.2,0.0161086,2167.6,0.0154829,0,218,218
99999.9,99999.9,9.99999,2000,0,0,0,0,0,0,15000,7000,8.3819e-15,1.10141e-06,0,7.70944e-14,3.75671e-16,7.58251e-15,0.34641,4.61936e-07,0,1.36424e-11,4.63799e-07,1.43814e-11,7.03919e-09,6.72749e-09,6.19998e-06,0.748338,1926.7,0.0137621,1846.79,0.0131913,0,219,219
100000,100000,10,2000,0,0,0,0,0,0,15000,7000,8.3819e-15,9.30785e-07,0,5.50109e-14,1.59747e-16,5.41051e-15,0.34641,1.80677e-07,0,5.22959e-12,1.91387e-07,5.40012e-12,5.01433e-09,4.79227e-09,5.23947e-06,0.748337,1624.01,0.0116,1552.68,0.0110906,0,220,220
99999.9,99999.9,9.99999,2000,0,0,0,0,0,0,15000,7000,8.3819e-15,7.76513e-07,0,1.99697e-13,6.55104e-17,1.96409e-14,0.34641,7.45058e-08,0,1.59162e-12,8.19564e-08,1.53477e-12,3.48185e-09,3.32768e-09,4.37108e-06,0.748336,1351.56,0.00965401,1289.13,0.00920804,0,221,221
100000,100000,10,2000,0,0,0,0,0,0,15000,7000,8.3819e-15,6.39956e-07,0,1.96901e-13,2.90602e-17,1.93659e-14,0.34641,3.1665e-08,0,2.27374e-13,3.53903e-08,2.27374e-13,2.35993e-09,2.25542e-09,3.60237e-06,0.748335,1111.35,0.00793823,1057.64,0.00755459,0,222,222
99999.9,99999.9,9.99999,2000,0,0,0,0,0,0,15000,7000,8.3819e-15,5.21341e-07,0,2.17587e-13,1.12271e-17,2.14005e-14,0.34641,7.45058e-09,0,0,1.16415e-08,0,1.56319e-09,1.49397e-09,2.93469e-06,0.748334,903.433,0.00645309,857.96,0.00612829,0,223,223
100000,100000,10,2000,0,0,0,0,0,0,15000,7000,8.3819e-15,4.20056e-07,0,2.17587e-13,3.35484e-18,2.14005e-14,0.34641,0,0,0,1.86265e-09,0,1.01302e-09,9.68166e-10,2.36453e-06,0.748334,726.447,0.00518891,688.507,0.00491791,0,224,224
99999.9,99999.9,9.99999,2000,0,0,0,0,0,0,15000,7000,8.3819e-15,3.34906e-07,0,2.17587e-13,1.0333e-18,2.14005e-14,0.34641,0,0,0,0,0,6.42918e-10,6.14452e-10,1.88522e-06,0.748333,578.081,0.00412915,546.853,0.00390609,0,225,225
100000,100000,10,2000,0,0,0,0,0,0,15000,7000,8.3819e-15,2.64344e-07,0,2.17587e-13,3.25586e-19,2.14005e-14,0.34641,0,0,0,0,0,3.99944e-10,3.82235e-10,1.48802e-06,0.748333,455.453,0.00325324,430.073,0.00307195,0,226,226
100000,100000,10,2000,0,0,0,0,0,0,15000,7000,8.3819e-15,2.06646e-07,0,2.17587e-13,1.04335e-19,2.14005e-14,0.34641,0,0,0,0,0,2.44066e-10,2.33259e-10,1.16323e-06,0.748333,355.424,0.00253874,335.04,0.00239315,0,227,227
100000,100000,10,2000,0,0,0,0,0,0,15000,7000,8.3819e-15,1.60052e-07,0,2.17587e-13,3.3964e-20,2.14005e-14,0.34641,0,0,0,0,0,1.46218e-10,1.39744e-10,9.00948e-07,0.748332,274.827,0.00196305,258.639,0.00184742,0,228,228
100000,100000,10,2000,0,0,0,0,0,0,15000,7000,8.3819e-15,1.22864e-07,0,2.17587e-13,1.14779e-20,2.14005e-14,0.34641,0,0,0,0,0,8.60588e-11,8.22484e-11,6.91616e-07,0.748332,210.635,0.00150454,197.915,0.00141368,0,229,229
100000,100000,10,2000,0,0,0,0,0,0,15000,7000,8.3819e-15,9.35107e-08,0,2.17587e-13,4.64017e-21,2.14005e-14,0.34641,0,0,0,0,0,4.97938e-11,4.75891e-11,5.26381e-07,0.748332,160.067,0.00114334,150.172,0.00107266,0,230,230
100000,100000,10,2000,0,0,0,0,0,0,15000,7000,8.3819e-15,7.05829e-08,0,2.17587e-13,3.45792e-21,2.14005e-14,0.34641,0,0,0,0,0,2.83448e-11,2.70898e-11,3.97319e-07,0.748332,120.642,0.000861731,113.019,0.000807279,0,231,231
100000,100000,10,2000,0,0,0,0,0,0,15000,7000,8.3819e-15,5.28521e-08,0,2.17587e-13,5.38138e-21,2.14005e-14,0.34641,0,0,0,0,0,1.58734e-11,1.51706e-11,2.9751e-07,0.748332,90.2079,0.000644342,84.3884,0.000602775,0,232,232
100000,100000,10,2000,0,0,0,0,0,0,15000,7000,8.3819e-15,3.92702e-08,0,2.17587e-13,1.10584e-20,2.14005e-14,0.34641,0,0,0,0,0,8.74368e-12,8.35654e-12,2.21056e-07,0.748332,66.9342,0.000478102,62.5307,0.000446648,0,233,233
100000,100000,10,2000,0,0,0,0,0,0,15000,7000,8.3819e-15,2.89607e-08,0,2.17587e-13,2.38999e-20,2.14005e-14,0.34641,0,0,0,0,0,4.75173e-12,4.54134e-12,1.63023e-07,0.748332,49.2964,0.000352117,45.9923,0.000328517,0,234,234
100000,100000,10,2000,0,0,0,0,0,0,15000,7000,8.3819e-15,2.12031e-08,0,2.17587e-13,5.19213e-20,2.14005e-14,0.34641,0,0,0,0,0,2.55507e-12,2.44194e-12,1.19354e-07,0.748332,36.0449,0.000257464,33.5859,0.000239899,0,235,235
100000,100000,10,2000,0,0,0,0,0,0,15000,7000,8.3819e-15,1.54144e-08,0,2.17587e-13,1.12597e-19,2.14005e-14,0.34641,0,0,0,0,0,1.34507e-12,1.28551e-12,8.6769e-08,0.748332,26.1714,0.000186939,24.3555,0.000173968,0,236,236
100000,100000,10,2000,0,0,0,0,0,0,15000,7000,8.3819e-15,1.11296e-08,0,2.17587e-13,2.43451e-19,2.14005e-14,0.34641,0,0,0,0,0,6.99151e-13,6.68195e-13,6.26496e-08,0.748332,18.8734,0.00013481,17.5426,0.000125305,0,237,237
100000,100000,10,2000,0,0,0,0,0,0,15000,7000,8.3819e-15,7.98255e-09,0,2.17587e-13,5.23871e-19,2.14005e-14,0.34641,0,0,0,0,0,3.48885e-13,3.33437e-13,4.49346e-08,0.748332,13.5207,9.65762e-05,12.5525,8.96604e-05,0,238,238
100000,100000,10,2000,0,0,0,0,0,0,15000,7000,8.3819e-15,5.68842e-09,0,2.17587e-13,1.11875e-18,2.14005e-14,0.34641,0,0,0,0,0,1.91336e-13,1.82864e-13,3.20207e-08,0.748332,9.62378,6.87413e-05,8.92434,6.37453e-05,0,239,239
100000,100000,10,2000,0,0,0,0,0,0,15000,7000,8.3819e-15,4.02814e-09,0,2.17587e-13,2.40399e-18,2.14005e-14,0.34641,0,0,0,0,0,1.00188e-13,9.57519e-14,2.26748e-08,0.748332,6.80719,4.86228e-05,6.30536,4.50383e-05,0,240,240
100000,100000,10,2000,0,0,0,0,0,0,15000,7000,8.3819e-15,2.83498e-09,0,2.17587e-13,5.20509e-18,2.14005e-14,0.34641,0,0,0,0,0,4.67489e-14,4.46791e-14,1.59584e-08,0.748331,4.78558,3.41827e-05,4.42791,3.16279e-05,0,241,241
100000,100000,10,2000,0,0,0,0,0,0,15000,7000,8.3819e-15,1.98333e-09,0,2.17587e-13,1.15693e-17,2.14005e-14,0.34641,0,0,0,4.65661e-10,0,3.09601e-14,2.95893e-14,1.11644e-08,0.748331,3.34435,2.38882e-05,3.09107,2.20791e-05,0,242,242
100000,100000,10,2000,0,0,0,0,0,0,15000,7000,8.3819e-15,1.37944e-09,0,2.17587e-13,2.97829e-17,2.14005e-14,0.34641,1.86265e-09,0,0,2.79397e-09,0,2.5624e-14,2.44894e-14,7.76503e-09,0.748331,2.3236,1.65971e-05,2.14537,1.53241e-05,0,243,243
100000,100000,10,2000,0,0,0,0,0,0,15000,7000,8.3819e-15,9.53976e-10,0,1.96901e-13,4.31903e-17,1.93659e-14,0.34641,7.45058e-09,0,0,9.31323e-09,0,1.03503e-14,9.89199e-15,5.37003e-09,0.748331,1.60526,1.14662e-05,1.4806,1.05757e-05,0,244,244
100000,100000,10,2000,0,0,0,0,0,0,15000,7000,8.3819e-15,6.56085e-10,0,2.1345e-13,8.40349e-17,2.09936e-14,0.34641,2.04891e-08,0,0,2.09548e-08,0,1.01886e-14,9.73745e-15,3.69317e-09,0.748331,1.10284,7.87746e-06,1.0162,7.25856e-06,0,245,245
100000,100000,10,2000,0,0,0,0,0,0,15000,7000,8.3819e-15,4.48694e-10,0,2.01039e-13,1.12145e-16,1.97728e-14,0.34641,3.53903e-08,0,0,3.21306e-08,0,7.192e-15,6.87356e-15,2.52574e-09,0.748331,0.753689,5.38349e-06,0.693632,4.95451e-06,0,246,246
100000,100000,10,2000,0,0,0,0,0,0,15000,7000,8.3819e-15,3.05648e-10,0,1.80353e-13,1.8216e-16,1.77383e-14,0.34641,3.72529e-08,0,0,3.53903e-08,0,7.13487e-15,6.81896e-15,1.72052e-09,0.748331,0.511821,3.65587e-06,0.471254,3.3661e-06,0,247,247
100000,100000,10,2000,0,0,0,0,0,0,15000,7000,8.3819e-15,2.05033e-10,0,2.29999e-13,1.7423e-16,2.26212e-14,0.34641,3.1665e-08,0,0,3.21306e-08,2.84217e-13,2.0285e-14,1.93868e-14,1.15415e-09,0.748331,0.348048,2.48605e-06,0.317456,2.26754e-06,0,248,248
100000,100000,10,2000,0,0,0,0,0,0,15000,7000,8.3819e-15,1.46267e-10,0,1.99697e-13,9.06434e-17,1.96409e-14,0.34641,2.79397e-08,0,1.13687e-12,2.51457e-08,8.52651e-13,8.01659e-15,7.66164e-15,8.23354e-10,0.748331,0.226691,1.61922e-06,0.195809,1.39863e-06,0,249,249
100000,100000,10,2000,0,0,0,0,0,0,15000,7000,8.3819e-15,1.12629e-10,0,1.26627e-13,1.01496e-16,1.24542e-14,0.34641,1.30385e-08,0,1.13687e-12,1.02445e-08,5.68434e-13,2.99754e-15,2.86482e-15,6.33997e-10,0.748331,0.0850234,6.0731e-07,0.0687822,4.91301e-07,0,250,250
