"beta_max_aux","beta_aux","PI_aux","PI_bar_aux","rhoI_aux","tempI_aux","P_rel_aux","vel_rel_aux","Omega_aux","Aint_aux","ht_liq_aux","ht_gas_aux","EI_liq_aux","EI_gas_aux","mu_max_aux_l","kappa_max_aux_l","mu_aux_l","kappa_aux_l","jump_grad_press_aux_l","jump_grad_alpha_aux_l","jump_grad_dens_aux_l","smooth_jump_grad_press_aux_l","smooth_jump_grad_dens_aux_l","mu_max_aux_g","kappa_max_aux_g","mu_aux_g","kappa_aux_g","jump_grad_press_aux_g","jump_grad_dens_aux_g","smooth_jump_grad_press_aux_g","smooth_jump_grad_dens_aux_g","ObjectId","GlobalElementId","PedigreeElementId"
0.0651445,0.0088287,966050,966503,901.292,453.006,0.00685569,1.30095e+07,0,10000,0,0,766335,2.7038e+06,0.0651776,8.14275,9.53543e-05,9.53543e-05,916439,0.629849,0.322216,526928,0.184013,0.0660462,2.71728,0.0188158,0.0188158,893980,3.19767,470092,1.68479,0,1,1
0.0659845,0.00150363,959527,959599,901.283,453.008,0.00685574,1.29304e+07,0,10000,0,0,766343,2.7038e+06,0.0659915,8.14358,0.000263262,0.000263262,1.19127e+06,0.701936,0.413836,932128,0.321833,0.0658521,2.71423,0.0026847,0.0026847,986388,3.5415,758384,2.71901,0,2,2
0.0660543,0.000512091,960698,960685,901.285,453.007,0.00685573,1.29429e+07,0,10000,0,0,766342,2.7038e+06,0.0660528,8.14363,0.000435603,0.000435603,429528,0.100145,0.137444,579981,0.191234,0.0660787,2.71491,0.000631187,0.000631187,166779,0.595356,372464,1.3274,0,3,3
0.0663395,0.000988768,960105,960108,901.285,453.007,0.00685574,1.29362e+07,0,10000,0,0,766342,2.7038e+06,0.0663392,8.14392,0.000612198,0.000612198,269594,0.0694414,0.0762121,300704,0.0882608,0.0663443,2.71494,0.00218309,0.00218309,169909,0.577385,178929,0.616891,0,4,4
0.0666967,0.00108569,959746,959741,901.284,453.007,0.00685575,1.2932e+07,0,10000,0,0,766343,2.7038e+06,0.0666966,8.14428,0.000790352,0.000790352,234100,0.086888,0.0631747,240595,0.0656049,0.0667057,2.71516,0.00149513,0.00149513,209120,0.717438,201202,0.68901,0,5,5
0.0671494,0.0014221,959189,959195,901.284,453.007,0.00685575,1.29257e+07,0,10000,0,0,766343,2.7038e+06,0.0671494,8.14473,0.000973128,0.000973128,224588,0.0889823,0.0598581,226388,0.0606089,0.0671612,2.7154,0.00300053,0.00300053,216660,0.743779,215204,0.738797,0,6,6
0.0676977,0.00142469,958551,958543,901.284,453.007,0.00685576,1.29182e+07,0,10000,0,0,766344,2.7038e+06,0.0676976,8.14528,0.00115822,0.00115822,222277,0.0893831,0.0595447,222334,0.0595044,0.0677114,2.71569,0.00161954,0.00161954,218376,0.750191,217639,0.747391,0,7,7
0.068343,0.00184771,957761,957770,901.284,453.007,0.00685578,1.29092e+07,0,10000,0,0,766345,2.70381e+06,0.068343,8.14592,0.00135004,0.00135004,220192,0.0894809,0.05907,220632,0.0593153,0.0683595,2.71604,0.00371813,0.00371813,217144,0.745405,217362,0.746445,0,8,8
0.0690893,0.00177783,956871,956861,901.283,453.007,0.00685579,1.28987e+07,0,10000,0,0,766346,2.70381e+06,0.0690891,8.14666,0.00154511,0.00154511,219865,0.0899732,0.0595765,219423,0.0593409,0.0691081,2.71644,0.00168247,0.00168247,216784,0.74478,216277,0.742774,0,9,9
0.0699385,0.00230686,955811,955822,901.283,453.006,0.00685581,1.28867e+07,0,10000,0,0,766347,2.70381e+06,0.0699386,8.14751,0.001749,0.001749,217768,0.0901258,0.0591407,218227,0.0594061,0.0699605,2.7169,0.00451252,0.00451252,214396,0.736132,214821,0.737924,0,10,10
0.0708962,0.00214985,954641,954628,901.282,453.006,0.00685583,1.28728e+07,0,10000,0,0,766349,2.70381e+06,0.070896,8.14847,0.00195753,0.00195753,217506,0.0906314,0.0597666,216876,0.0594512,0.0709208,2.71741,0.00233196,0.00233196,213709,0.734651,213070,0.732118,0,11,11
0.0719643,0.00280692,953272,953286,901.282,453.006,0.00685585,1.28571e+07,0,10000,0,0,766351,2.70381e+06,0.0719645,8.14953,0.00217651,0.00217651,214722,0.0905726,0.059131,215317,0.0594631,0.0719926,2.71798,0.00544489,0.00544489,210465,0.723036,211041,0.725401,0,12,12
0.0731505,0.00254216,951780,951764,901.281,453.005,0.00685587,1.28394e+07,0,10000,0,0,766353,2.70382e+06,0.0731502,8.15071,0.00240191,0.00240191,214317,0.0909423,0.0598237,213493,0.0594239,0.0731818,2.7186,0.00330009,0.00330009,209526,0.720881,208699,0.717624,0,13,13
0.0744565,0.00335813,950053,950071,901.28,453.005,0.0068559,1.28196e+07,0,10000,0,0,766355,2.70382e+06,0.0744567,8.15202,0.00263946,0.00263946,210614,0.0905623,0.0589171,211386,0.059334,0.0744922,2.71928,0.00653751,0.00653751,205280,0.705697,206031,0.708751,0,14,14
0.0758926,0.00295626,948184,948164,901.279,453.005,0.00685593,1.27973e+07,0,10000,0,0,766357,2.70382e+06,0.0758923,8.15345,0.00288527,0.00288527,209999,0.0907323,0.0596783,208940,0.0591758,0.0759319,2.72002,0.00445354,0.00445354,204037,0.702728,202977,0.698579,0,15,15
0.0774599,0.00397261,946034,946056,901.278,453.004,0.00685597,1.27726e+07,0,10000,0,0,766360,2.70383e+06,0.0774601,8.15501,0.00314506,0.00314506,205148,0.0899372,0.0584296,206140,0.0589502,0.0775044,2.72082,0.00784205,0.00784205,198555,0.683163,199521,0.687064,0,16,16
0.0791711,0.00343409,943668,943693,901.277,453.004,0.006856,1.27449e+07,0,10000,0,0,766363,2.70383e+06,0.0791714,8.15672,0.00341489,0.00341489,204265,0.0898589,0.059263,202919,0.0586348,0.0792207,2.72168,0.0058569,0.0058569,196936,0.679204,195591,0.673956,0,17,17
0.0810285,0.00466466,941062,941090,901.276,453.003,0.00685605,1.27144e+07,0,10000,0,0,766367,2.70384e+06,0.0810289,8.15857,0.00370056,0.00370056,197995,0.0885428,0.0575836,199260,0.0582293,0.0810839,2.7226,0.00942673,0.00942673,189937,0.654254,191170,0.65921,0,18,18
0.0830465,0.00414436,938146,938177,901.275,453.002,0.00685609,1.26802e+07,0,10000,0,0,766370,2.70384e+06,0.0830469,8.16058,0.00399801,0.00399801,196784,0.0881336,0.058487,195084,0.0577059,0.083108,2.72357,0.00759679,0.00759679,187870,0.64913,186178,0.642536,0,19,19
0.0852268,0.00545052,934941,934975,901.273,453.002,0.00685615,1.26425e+07,0,10000,0,0,766375,2.70385e+06,0.0852273,8.16276,0.00431303,0.00431303,188775,0.0861278,0.056266,190378,0.0570612,0.0852954,2.7246,0.0113832,0.0113832,179035,0.617631,180600,0.6239,0,20,20
0.087588,0.00496406,931358,931396,901.272,453.001,0.0068562,1.26003e+07,0,10000,0,0,766380,2.70386e+06,0.0875885,8.16511,0.0046414,0.0046414,187177,0.0852578,0.057226,185051,0.0562619,0.0876643,2.72567,0.00979049,0.00979049,176459,0.611207,174351,0.602989,0,21,21
0.09013,0.0063488,927423,927465,901.27,453,0.00685627,1.2554e+07,0,10000,0,0,766385,2.70386e+06,0.0901306,8.16765,0.00498869,0.00498869,177077,0.0823427,0.0543296,179094,0.0552999,0.090215,2.72681,0.013836,0.013836,165453,0.571909,167427,0.579799,0,22,22
0.0928764,0.00591935,923026,923073,901.268,452.999,0.00685634,1.25021e+07,0,10000,0,0,766391,2.70387e+06,0.0928771,8.17038,0.00535047,0.00535047,175045,0.0808662,0.0553146,172418,0.0541378,0.0929711,2.72798,0.0125978,0.0125978,162343,0.564171,159751,0.554033,0,23,23
0.0958245,0.00738121,918197,918250,901.266,452.998,0.00685642,1.24452e+07,0,10000,0,0,766398,2.70388e+06,0.0958252,8.17332,0.00573179,0.00573179,162503,0.0768109,0.0515927,165018,0.0527618,0.0959301,2.72919,0.0169563,0.0169563,148865,0.515882,151334,0.525747,0,24,24
0.0990036,0.00704173,912803,912861,901.263,452.997,0.00685651,1.23815e+07,0,10000,0,0,766405,2.70389e+06,0.0990045,8.17649,0.0061279,0.0061279,160019,0.0746026,0.0525471,156822,0.0511353,0.0991214,2.73042,0.016237,0.016237,145264,0.507054,142132,0.494731,0,25,25
0.102407,0.00857342,906879,906944,901.26,452.995,0.00685661,1.23114e+07,0,10000,0,0,766413,2.7039e+06,0.102408,8.17988,0.00654289,0.00654289,144748,0.0692077,0.0478541,147841,0.049238,0.102539,2.73168,0.0209811,0.0209811,129136,0.448931,132186,0.461141,0,26,26
0.106072,0.00836841,900264,900335,901.257,452.994,0.00685671,1.22332e+07,0,10000,0,0,766422,2.70392e+06,0.106073,8.18354,0.00697148,0.00697148,141850,0.0662157,0.0486967,138051,0.0470469,0.106219,2.73292,0.0210056,0.0210056,125209,0.439645,121517,0.424973,0,27,27
0.109985,0.00995619,892996,893076,901.254,452.992,0.00685683,1.21471e+07,0,10000,0,0,766432,2.70393e+06,0.109986,8.18744,0.00741618,0.00741618,123755,0.0593886,0.04294,127483,0.0445376,0.11015,2.73417,0.0262385,0.0262385,106516,0.371671,110209,0.386536,0,28,28
0.114189,0.00994182,884890,884978,901.25,452.991,0.00685697,1.2051e+07,0,10000,0,0,766444,2.70395e+06,0.114191,8.19162,0.00787086,0.00787086,120570,0.0557158,0.0435738,116731,0.0439063,0.114374,2.73536,0.0273059,0.0273059,102594,0.363157,103078,0.373234,0,29,29
0.118669,0.0115672,875983,876081,901.246,452.989,0.00685711,1.19454e+07,0,10000,0,0,766456,2.70397e+06,0.118671,8.19609,0.00833565,0.00833565,102030,0.0475788,0.0455376,105859,0.0451319,0.118875,2.7365,0.0331826,0.0331826,100611,0.394951,100255,0.385547,0,30,30
0.123469,0.0118078,866069,866177,901.241,452.987,0.00685728,1.18277e+07,0,10000,0,0,766470,2.70399e+06,0.123471,8.20087,0.00880304,0.00880304,98806,0.0435751,0.0458788,105166,0.0476521,0.123701,2.73753,0.035675,0.035675,97206.9,0.389129,103431,0.410822,0,31,31
0.12857,0.0134533,855182,855302,901.236,452.984,0.00685746,1.16982e+07,0,10000,0,0,766486,2.70401e+06,0.128572,8.20595,0.00926986,0.00926986,121020,0.0345748,0.0533132,114737,0.0514593,0.128829,2.73845,0.0424335,0.0424335,118701,0.470078,112752,0.449631,0,32,32
0.134016,0.0140121,843107,843240,901.231,452.981,0.00685765,1.15545e+07,0,10000,0,0,766503,2.70403e+06,0.134019,8.21137,0.00972641,0.00972641,118101,0.030881,0.0533319,124316,0.0551545,0.134308,2.73917,0.0468137,0.0468137,116399,0.469238,122042,0.489212,0,33,33
0.139785,0.0156722,829866,830014,901.225,452.979,0.00685787,1.13968e+07,0,10000,0,0,766522,2.70406e+06,0.139789,8.21711,0.0101653,0.0101653,140040,0.0342624,0.0606408,133965,0.0587437,0.140112,2.73967,0.0548171,0.0548171,136669,0.548292,131372,0.529929,0,34,34
0.145917,0.016596,815258,815421,901.218,452.975,0.00685811,1.12224e+07,0,10000,0,0,766543,2.70409e+06,0.145921,8.22322,0.0105738,0.0105738,137681,0.0316979,0.0603614,142979,0.0619022,0.146284,2.73987,0.061609,0.061609,135753,0.553893,140085,0.569574,0,35,35
0.152385,0.0182904,799291,799470,901.211,452.972,0.00685838,1.10316e+07,0,10000,0,0,766566,2.70412e+06,0.15239,8.22965,0.0109395,0.0109395,156516,0.0398516,0.0662453,151276,0.0646154,0.152796,2.73971,0.0713832,0.0713832,152166,0.622219,148013,0.607722,0,36,36
0.159218,0.0195943,781801,781998,901.203,452.968,0.00685867,1.08221e+07,0,10000,0,0,766592,2.70416e+06,0.159224,8.23645,0.0112455,0.0112455,154393,0.0390581,0.0656095,158017,0.0664882,0.159679,2.73911,0.0811333,0.0811333,151966,0.632557,154472,0.641989,0,37,37
0.166389,0.0213744,762790,763006,901.194,452.963,0.00685898,1.05938e+07,0,10000,0,0,766620,2.7042e+06,0.166395,8.24359,0.0114749,0.0114749,166768,0.0455354,0.0684886,162802,0.0674123,0.166904,2.73799,0.0933647,0.0933647,161791,0.680623,158908,0.67054,0,38,38
0.173906,0.0230376,742160,742396,901.185,452.959,0.00685932,1.03455e+07,0,10000,0,0,766651,2.70425e+06,0.173913,8.25106,0.0116062,0.0116062,163278,0.0465054,0.0670624,164892,0.0670575,0.174482,2.73625,0.106592,0.106592,160083,0.688358,160773,0.691327,0,39,39
0.181739,0.0249737,719930,720185,901.175,452.953,0.00685969,1.00771e+07,0,10000,0,0,766685,2.70429e+06,0.181748,8.25885,0.0116189,0.0116189,166243,0.0510933,0.0656165,163521,0.0651839,0.182382,2.7338,0.122033,0.122033,161137,0.707969,159195,0.701156,0,40,40
0.189876,0.0269561,696087,696363,901.165,452.948,0.00686009,9.78821e+06,0,10000,0,0,766722,2.70435e+06,0.189886,8.26694,0.0114883,0.0114883,158322,0.0530171,0.06244,158277,0.0616582,0.190591,2.73052,0.139165,0.139165,154424,0.700328,153857,0.698541,0,41,41
0.19828,0.0291093,670701,670996,901.154,452.942,0.00686051,9.47937e+06,0,10000,0,0,766761,2.7044e+06,0.198291,8.27529,0.0111932,0.0111932,150219,0.0559101,0.0561361,148348,0.0562232,0.199072,2.72632,0.158429,0.158429,145444,0.685539,143982,0.680192,0,42,42
0.206916,0.0313745,643860,644176,901.143,452.936,0.00686096,9.15134e+06,0,10000,0,0,766804,2.70446e+06,0.206929,8.28387,0.0107093,0.0107093,134632,0.0576139,0.0501807,133753,0.0489904,0.207791,2.72109,0.179689,0.179689,130615,0.64936,129562,0.645328,0,43,43
0.215739,0.0337768,615715,616049,901.131,452.929,0.00686143,8.80557e+06,0,10000,0,0,766850,2.70453e+06,0.215754,8.29264,0.01002,0.01002,115529,0.0588676,0.039464,114221,0.0399065,0.216701,2.71476,0.202988,0.202988,111575,0.597053,110439,0.592381,0,44,44
0.224697,0.036298,586456,586806,901.118,452.922,0.00686192,8.444e+06,0,10000,0,0,766899,2.7046e+06,0.224714,8.30153,0.00910651,0.00910651,91193.5,0.0593887,0.0305174,90308.2,0.0314758,0.22575,2.70724,0.228203,0.228203,87990.2,0.526059,87110.3,0.522017,0,45,45
0.233737,0.0389568,556319,556683,901.106,452.914,0.00686243,8.06915e+06,0,10000,0,0,766951,2.70467e+06,0.233756,8.31051,0.00796358,0.00796358,63316.2,0.0585968,0.0254045,62644.5,0.0239723,0.234884,2.69846,0.255152,0.255152,60886.4,0.438896,60272.5,0.435528,0,46,46
0.2428,0.0416966,525577,525952,901.093,452.907,0.00686295,7.68401e+06,0,10000,0,0,767005,2.70474e+06,0.242821,8.31951,0.00658448,0.00658448,32752.2,0.0574938,0.0145628,36276.2,0.0208967,0.244041,2.68841,0.283586,0.283586,31327.1,0.338261,34717,0.335925,0,47,47
0.251828,0.0446197,494524,494907,901.08,452.899,0.00686348,7.2919e+06,0,10000,0,0,767062,2.70482e+06,0.251851,8.32847,0.00498095,0.00498095,16284.3,0.0536287,0.0290569,23650.2,0.0229429,0.253164,2.67705,0.313178,0.313178,15327.7,0.228283,22805.2,0.227157,0,48,48
0.260764,0.0474676,463468,463855,901.067,452.892,0.00686402,6.89639e+06,0,10000,0,0,767121,2.7049e+06,0.260789,8.33734,0.00316246,0.00316246,29280.1,0.0521764,0.0190951,35866.9,0.0253523,0.262194,2.66441,0.343583,0.343583,29238.5,0.1138,34545.9,0.136275,0,49,49
0.269559,0.0507997,432707,433096,901.055,452.884,0.00686455,6.50106e+06,0,10000,0,0,767181,2.70498e+06,0.269587,8.34607,0.00116015,0.00116015,68622.9,0.0509576,0.0341623,69434.9,0.0341944,0.27108,2.65051,0.37442,0.37442,64379.1,0.0892148,64840.6,0.122909,0,50,50
0.278177,0.0563735,402596,402980,901.043,452.877,0.00686507,6.11029e+06,0,10000,0,0,767244,2.70507e+06,0.278207,8.35462,0.00119216,0.00119216,111214,0.0370201,0.0493581,105944,0.0479412,0.279779,2.63547,0.405563,0.405563,101366,0.199407,98218.8,0.201539,0,51,51
0.28654,0.0636503,373502,373878,901.031,452.869,0.00686558,5.72886e+06,0,10000,0,0,767307,2.70515e+06,0.286572,8.36292,0.00346758,0.00346758,132725,0.0236286,0.0588865,130749,0.0572918,0.288212,2.61941,0.436667,0.436667,125765,0.318128,123306,0.308825,0,52,52
0.294576,0.071088,345670,346034,901.02,452.862,0.00686607,5.36008e+06,0,10000,0,0,767371,2.70523e+06,0.294609,8.3709,0.00580878,0.00580878,146331,0.0164981,0.0620364,146293,0.062815,0.296309,2.60245,0.46665,0.46665,140330,0.399636,139500,0.3974,0,53,53
0.302269,0.0784753,319242,319593,901.009,452.856,0.00686654,5.00608e+06,0,10000,0,0,767435,2.70531e+06,0.302304,8.37853,0.00817773,0.00817773,159784,0.00810511,0.0683005,158341,0.0667365,0.304057,2.58471,0.494799,0.494799,151575,0.472199,150562,0.468748,0,54,54
0.309605,0.0856871,294333,294668,900.999,452.85,0.00686698,4.66866e+06,0,10000,0,0,767498,2.7054e+06,0.309641,8.38582,0.0105192,0.0105192,167465,0.00449602,0.0683086,166474,0.0692551,0.311438,2.5663,0.520667,0.520667,158768,0.530957,157795,0.527261,0,55,55
0.316577,0.0925658,271013,271331,900.989,452.844,0.0068674,4.34914e+06,0,10000,0,0,767560,2.70547e+06,0.316613,8.39274,0.0128007,0.0128007,171180,0.00930958,0.0721027,170190,0.07011,0.318445,2.54736,0.543866,0.543866,162068,0.574933,161190,0.57126,0,56,56
0.323181,0.0990153,249314,249615,900.981,452.838,0.00686779,4.04839e+06,0,10000,0,0,767622,2.70555e+06,0.323218,8.39929,0.014972,0.014972,170933,0.0175481,0.0679262,170089,0.0696307,0.325075,2.52801,0.564161,0.564161,161854,0.604215,161112,0.600797,0,57,57
0.329423,0.10491,229235,229517,900.972,452.833,0.00686816,3.76682e+06,0,10000,0,0,767682,2.70562e+06,0.32946,8.40549,0.0170137,0.0170137,167311,0.0250112,0.0705678,166684,0.0679018,0.331332,2.5084,0.581374,0.581374,158673,0.619825,158089,0.616839,0,58,58
0.335308,0.110207,210742,211006,900.965,452.829,0.0068685,3.50445e+06,0,10000,0,0,767741,2.7057e+06,0.335345,8.41134,0.018885,0.018885,161181,0.0315541,0.0625456,160664,0.0653126,0.337224,2.48862,0.595469,0.595469,153154,0.623489,152719,0.620968,0,59,59
0.340849,0.114812,193781,194026,900.958,452.825,0.00686881,3.26098e+06,0,10000,0,0,767798,2.70576e+06,0.340886,8.41684,0.0205838,0.0205838,152981,0.0369917,0.0655914,152697,0.0644733,0.342762,2.46881,0.606421,0.606421,145894,0.617067,145603,0.615079,0,60,60
0.346058,0.118741,178279,178505,900.951,452.821,0.0068691,3.03585e+06,0,10000,0,0,767854,2.70583e+06,0.346094,8.42201,0.022078,0.022078,143643,0.0413579,0.064165,143418,0.0657923,0.34796,2.44906,0.61434,0.61434,137470,0.602693,137298,0.601176,0,61,61
0.350951,0.121924,164150,164359,900.945,452.818,0.00686937,2.8283e+06,0,10000,0,0,767908,2.70589e+06,0.350986,8.42688,0.0233837,0.0233837,133405,0.0445925,0.0692481,133388,0.0717227,0.352834,2.42946,0.619283,0.619283,128360,0.582251,128296,0.581231,0,62,62
0.355541,0.124433,151305,151497,900.94,452.815,0.00686961,2.63743e+06,0,10000,0,0,767959,2.70595e+06,0.355575,8.43144,0.024474,0.024474,123099,0.0468618,0.0842298,123082,0.0826654,0.357398,2.41009,0.621441,0.621441,118994,0.557729,119012,0.557116,0,63,63
0.359847,0.1262,139648,139825,900.935,452.812,0.00686983,2.46228e+06,0,10000,0,0,768009,2.70601e+06,0.35988,8.43572,0.0253813,0.0253813,112727,0.0481688,0.0929537,112899,0.0954993,0.361673,2.39103,0.620862,0.620862,109698,0.530753,109793,0.530601,0,64,64
0.363881,0.127352,129087,129249,900.93,452.809,0.00687004,2.30183e+06,0,10000,0,0,768057,2.70607e+06,0.363913,8.43973,0.0260799,0.0260799,103045,0.0487643,0.11186,103175,0.11063,0.365668,2.37233,0.61773,0.61773,100779,0.503168,100937,0.503437,0,65,65
0.367662,0.127798,119534,119681,900.926,452.807,0.00687022,2.15511e+06,0,10000,0,0,768103,2.70612e+06,0.367693,8.44349,0.0266133,0.0266133,93882.7,0.0486588,0.125845,94234.2,0.128238,0.369406,2.35407,0.611936,0.611936,92489.4,0.476661,92727,0.477556,0,66,66
0.371196,0.127712,110904,111038,900.922,452.805,0.00687039,2.02118e+06,0,10000,0,0,768147,2.70617e+06,0.371225,8.447,0.0269553,0.0269553,86126.5,0.0481932,0.149403,86430.7,0.148789,0.37289,2.33628,0.603453,0.603453,85150,0.453734,85499.5,0.455532,0,67,67
0.374501,0.126938,103125,103247,900.919,452.803,0.00687054,1.89922e+06,0,10000,0,0,768188,2.70621e+06,0.374528,8.45029,0.0271577,0.0271577,79587.2,0.0473044,0.170503,80422.9,0.172355,0.376138,2.31904,0.591612,0.591612,79208.9,0.437999,79758.1,0.441503,0,68,68
0.377571,0.125709,96137,96247.6,900.916,452.802,0.00687068,1.78858e+06,0,10000,0,0,768228,2.70626e+06,0.377597,8.45334,0.0271884,0.0271884,76390.8,0.0468311,0.199009,77036.3,0.199603,0.379142,2.3024,0.575383,0.575383,75464.7,0.43628,76500.1,0.444245,0,69,69
0.380412,0.123619,89904.1,90002.8,900.913,452.8,0.0068708,1.68897e+06,0,10000,0,0,768265,2.7063e+06,0.380436,8.45617,0.0271076,0.0271076,75776.3,0.0456837,0.229888,80612.5,0.229079,0.381897,2.28647,0.551898,0.551898,75862.3,0.46642,78195.9,0.499114,0,70,70
0.382986,0.12125,84429.9,84516.7,900.91,452.799,0.00687091,1.60075e+06,0,10000,0,0,768299,2.70634e+06,0.383009,8.45873,0.0268708,0.0268708,94506.5,0.0506194,0.257528,132994,0.277419,0.384364,2.27144,0.514401,0.514401,85594.1,0.627336,114579,0.649628,0,71,71
0.385226,0.115906,79818,79886.5,900.908,452.798,0.006871,1.52643e+06,0,10000,0,0,768329,2.70637e+06,0.385247,8.46096,0.0265435,0.0265435,267188,0.0840123,0.364732,302037,0.320704,0.386368,2.25694,0.447738,0.447738,211266,0.877419,259111,1.16425,0,72,72
0.38636,0.0999049,77364.3,77369,900.907,452.798,0.00687105,1.48042e+06,0,10000,0,0,768345,2.70639e+06,0.386377,8.46209,0.0260303,0.0260303,579267,0.130543,0.295824,513176,0.326805,0.386455,2.25446,0.2963,0.2963,528320,2.27485,475041,2.1018,0,73,73
0.384604,0.0744963,80238.5,80134.8,900.907,452.799,0.00687101,1.50589e+06,0,10000,0,0,768323,2.70636e+06,0.384616,8.46034,0.0252783,0.0252783,626983,0.128275,0.350839,603117,0.361624,0.382901,2.2847,0.66221,0.66221,632257,2.98008,590411,2.65453,0,74,74
0.37933,0.0549524,89431.2,89223.1,900.909,452.802,0.00687085,1.6178e+06,0,10000,0,0,768255,2.70628e+06,0.379338,8.45509,0.0242755,0.0242755,579236,0.136088,0.448995,624303,0.438134,0.376131,2.34674,1.04645,1.04645,568812,2.38312,608824,2.55914,0,75,75
0.370606,0.0245063,104311,104000,900.913,452.807,0.0068706,1.80192e+06,0,10000,0,0,768144,2.70616e+06,0.370608,8.4464,0.0229925,0.0229925,711757,0.175624,0.503705,724654,0.537668,0.366294,2.42811,1.29624,1.29624,665414,2.49024,679400,2.54708,0,76,76
0.357592,0.050565,124990,125431,900.918,452.813,0.00687024,2.06497e+06,0,10000,0,0,767984,2.70598e+06,0.3576,8.43345,0.0214752,0.0214752,895867,0.344709,0.694268,912189,0.578885,0.352284,2.52178,1.43164,1.43164,817960,2.82471,827006,2.85105,0,77,77
0.339116,0.123044,154446,155041,900.923,452.824,0.00686976,2.42021e+06,0,10000,0,0,767774,2.70574e+06,0.339134,8.41508,0.019657,0.019657,1.14527e+06,0.676063,0.423298,1.14979e+06,0.580736,0.332996,2.62071,1.46269,1.46269,1.00669e+06,3.26456,1.00287e+06,3.24384,0,78,78
0.313605,0.216295,193945,194720,900.924,452.842,0.00686916,2.88445e+06,0,10000,0,0,767515,2.70543e+06,0.313639,8.38974,0.0175112,0.0175112,1.41277e+06,0.909452,0.78208,1.33712e+06,0.778916,0.306922,2.71743,1.39404,1.39404,1.18014e+06,3.62154,1.1355e+06,3.472,0,79,79
0.279377,0.269132,245242,246202,900.917,452.868,0.0068684,3.47217e+06,0,10000,0,0,767224,2.70507e+06,0.279434,8.35578,0.0149946,0.0149946,1.37765e+06,1.22443,1.12821,1.33045e+06,0.891052,0.272521,2.80431,1.22477,1.22477,1.17502e+06,3.38034,1.02412e+06,3.02976,0,80,80
0.235931,0.235931,308359,309437,900.897,452.907,0.00686754,4.178e+06,0,10000,0,0,766943,2.70468e+06,0.236018,8.3127,0.0121299,0.0121299,1.15373e+06,0.802867,0.525711,1.53887e+06,0.731693,0.229551,2.87406,0.956102,0.956102,566320,1.73681,866379,2.70878,0,81,81
0.18821,0.18821,377330,378334,900.879,452.948,0.00686664,4.93256e+06,0,10000,0,0,766712,2.70434e+06,0.188309,8.26536,0.00919567,0.00919567,2.47039e+06,0.76374,0.747144,2.35188e+06,0.68144,0.183201,2.92221,0.614652,0.614652,1.15786e+06,3.98117,1.45973e+06,4.78435,0,82,82
0.15072,0.0971007,435367,435997,900.88,452.973,0.00686592,5.55544e+06,0,10000,0,0,766565,2.70412e+06,0.150784,8.22806,0.00692664,0.00692664,3.31302e+06,1.80129,0.70576,2.68779e+06,0.585449,0.147927,2.95105,0.285606,0.285606,2.95689e+06,9.43825,2.28506e+06,7.32954,0,83,83
0.134298,0.0198535,463882,464087,900.891,452.98,0.00686559,5.85628e+06,0,10000,0,0,766500,2.70403e+06,0.134314,8.21166,0.0057924,0.0057924,1.65471e+06,1.26852,0.183134,1.75759e+06,0.316019,0.133436,2.96417,0.0560494,0.0560494,2.0686e+06,6.4605,1.85498e+06,5.84192,0,84,84
0.12986,0.00976383,471441,471498,900.896,452.982,0.0068655,5.93506e+06,0,10000,0,0,766481,2.70401e+06,0.129861,8.20721,0.00527605,0.00527605,407905,0.207057,0.19205,668525,0.165676,0.129621,2.96738,0.0289293,0.0289293,325835,1.00841,706719,2.20486,0,85,85
0.126753,0.00710943,475597,475654,900.897,452.983,0.00686543,5.97904e+06,0,10000,0,0,766471,2.704e+06,0.126755,8.20412,0.0048209,0.0048209,203576,0.0661974,0.095472,239215,0.113938,0.126519,2.96822,0.0207624,0.0207624,106602,0.342105,160376,0.505678,0,86,86
0.123973,0.00795604,479345,479394,900.898,452.984,0.00686538,6.0186e+06,0,10000,0,0,766461,2.70399e+06,0.123975,8.20135,0.00439655,0.00439655,141805,0.0605093,0.0727567,151379,0.0762954,0.123769,2.96897,0.0228012,0.0228012,102466,0.330087,101645,0.328021,0,87,87
0.121421,0.00577151,482717,482761,900.899,452.985,0.00686533,6.05417e+06,0,10000,0,0,766453,2.70397e+06,0.121423,8.1988,0.00398876,0.00398876,118329,0.0508127,0.0641965,118899,0.0646486,0.121241,2.96958,0.0157208,0.0157208,95045,0.309803,93362.1,0.304714,0,88,88
0.119168,0.00615072,485640,485679,900.9,452.986,0.00686529,6.085e+06,0,10000,0,0,766446,2.70396e+06,0.119169,8.19656,0.00360505,0.00360505,97132.8,0.0399902,0.0574447,100187,0.058379,0.119011,2.97003,0.0171983,0.0171983,80892.1,0.269163,83257.8,0.276723,0,89,89
0.117125,0.00462182,488257,488291,900.901,452.986,0.00686525,6.11257e+06,0,10000,0,0,766439,2.70396e+06,0.117126,8.19452,0.00323557,0.00323557,88151.7,0.0334617,0.0544301,87533.9,0.0543604,0.116987,2.97041,0.0118412,0.0118412,76201.9,0.258763,75173,0.255713,0,90,90
0.11533,0.00471388,490519,490549,900.902,452.987,0.00686522,6.13642e+06,0,10000,0,0,766434,2.70395e+06,0.11533,8.19273,0.00288453,0.00288453,76699.4,0.0261293,0.0511364,78454.3,0.0516313,0.11521,2.97067,0.0130612,0.0130612,67396,0.236163,68998.3,0.24121,0,91,91
0.113729,0.00360898,492516,492542,900.903,452.988,0.00686519,6.15744e+06,0,10000,0,0,766429,2.70394e+06,0.113729,8.19113,0.00254479,0.00254479,72266.7,0.0214465,0.0498223,71637.3,0.0497102,0.113625,2.9709,0.00868197,0.00868197,64999.4,0.23375,64214.9,0.231418,0,92,92
0.112343,0.00351064,494223,494245,900.903,452.988,0.00686516,6.17544e+06,0,10000,0,0,766424,2.70394e+06,0.112343,8.18975,0.00221934,0.00221934,65316.2,0.0160862,0.0480598,66444.2,0.0483468,0.112254,2.97104,0.00987423,0.00987423,59464.6,0.222007,60546.6,0.225313,0,93,93
0.111137,0.00270009,495696,495715,900.904,452.988,0.00686514,6.19093e+06,0,10000,0,0,766421,2.70393e+06,0.111138,8.18855,0.00190213,0.00190213,62877.8,0.0125328,0.0474452,62394.2,0.0473606,0.111062,2.97117,0.0060271,0.0060271,58257.7,0.223488,57699.9,0.221782,0,94,94
0.110124,0.00246493,496923,496938,900.904,452.989,0.00686512,6.20386e+06,0,10000,0,0,766417,2.70393e+06,0.110125,8.18754,0.00159583,0.00159583,58504.9,0.00862339,0.0464923,59236.6,0.0466452,0.110062,2.97125,0.00725578,0.00725578,54819.8,0.218144,55543.1,0.220218,0,95,95
0.109282,0.00185925,497937,497950,900.905,452.989,0.00686511,6.21453e+06,0,10000,0,0,766415,2.70392e+06,0.109282,8.1867,0.00129492,0.00129492,57059,0.0075565,0.0461511,56743.1,0.0461111,0.109232,2.97131,0.00371121,0.00371121,54275.3,0.221097,53928.8,0.219956,0,96,96
0.108617,0.00152917,498734,498744,900.905,452.989,0.0068651,6.22294e+06,0,10000,0,0,766413,2.70392e+06,0.108617,8.18604,0.00100192,0.00100192,54349.6,0.00500812,0.0456501,54797.3,0.0457045,0.108578,2.97135,0.00499353,0.00499353,52344.8,0.219485,52812.1,0.22066,0,97,97
0.108116,0.00105279,499334,499341,900.905,452.989,0.00686509,6.22923e+06,0,10000,0,0,766411,2.70392e+06,0.108116,8.18554,0.00071161,0.00071161,53430.9,0.00640794,0.0453666,53329.4,0.0453977,0.108088,2.97139,0.00160172,0.00160172,52283.3,0.222573,52153,0.222085,0,98,98
0.107783,0.00067319,499735,499739,900.905,452.99,0.00686508,6.23345e+06,0,10000,0,0,766410,2.70392e+06,0.107783,8.18521,0.000426476,0.000426476,52105.9,0.00561836,0.0452074,48283.2,0.0404752,0.107766,2.97141,0.00293681,0.00293681,51700.6,0.223709,47792,0.202927,0,99,99
0.107612,0.000239374,499942,499944,900.906,452.99,0.00686508,6.23561e+06,0,10000,0,0,766410,2.70392e+06,0.107612,8.18504,0.000142164,0.000142164,35489.9,0.00347254,0.0261195,21899,0.0178317,0.107605,2.97143,0.00112464,0.00112464,35483.5,0.141717,21796,0.0913564,0,100,100
